NUM_POSTE	NOM_USUEL	LAT	LON	ALTI	AAAAMMJJ	RR	QRR	TN	QTN	HTN	QHTN	TX	QTX	HTX	QHTX	TM	QTM	TNTXM	QTNTXM	TAMPLI	QTAMPLI	TNSOL	QTNSOL	TN50	QTN50	DG	QDG	FFM	QFFM	FF2M	QFF2M	FXY	QFXY	DXY	QDXY	HXY	QHXY	FXI	QFXI	DXI	QDXI	HXI	QHXI	FXI2	QFXI2	DXI2	QDXI2	HXI2	QHXI2	FXI3S	QFXI3S	DXI3S	QDXI3S	HXI3S	QHXI3S
45055001	ORLEANS	47.990667	1.778167	123	20220101	0.0	1	4.3	1	652	9	14.3	1	1402	9	9.1	1	9.3	1	10.0	1	0.5	9	2.7	9	0	9	2.8	1			4.1	1	140	1	1026	9	6.0	1	150	1	1026	9							5.8	1			1026	9
45055001	ORLEANS	47.990667	1.778167	123	20220102	0.0	1	8.3	1	2217	9	13.3	1	1214	9	11.6	1	10.8	1	5.0	1	7.0	9	7.6	9	0	9	6.9	1			9.9	1	210	1	1407	9	14.5	1	210	1	1520	9							14.1	1			1520	9
45055001	ORLEANS	47.990667	1.778167	123	20220103	7.8	1	10.4	1	400	9	12.5	1	1242	9	11.2	1	11.5	1	2.1	1	10.0	9	10.3	9	0	9	7.4	1			10.4	1	210	1	1708	9	14.5	1	210	1	1916	9							13.9	1			1710	9
45055001	ORLEANS	47.990667	1.778167	123	20220104	4.8	1	8.0	1	832	9	12.2	1	601	9	8.5	1	10.1	1	4.2	1	7.5	9	7.8	9	0	9	7.1	1			13.1	1	210	1	421	9	18.4	1	210	1	342	9							17.8	1			342	9
45055001	ORLEANS	47.990667	1.778167	123	20220105	0.0	1	-0.7	1	709	9	6.1	1	1348	9	1.5	1	2.7	1	6.8	1	-3.9	9	-1.8	9	412	9	4.1	1			6.7	1	270	1	1114	9	10.7	1	300	1	1404	9							10.0	1			1410	9
45055001	ORLEANS	47.990667	1.778167	123	20220106	0.2	1	-3.7	1	739	9	5.9	1	1432	9	1.1	1	1.1	1	9.6	1	-8.7	9	-7.0	9	573	9	2.7	1			6.1	1	200	9	2350	9	8.7	1	200	9	2355	9							8.5	1			2355	9
45055001	ORLEANS	47.990667	1.778167	123	20220107	3.0	1	1.6	1	2222	9	8.5	1	1347	9	5.5	1	5.1	1	6.9	1	1.3	9	1.4	9	0	9	7.5	1			12.0	1	250	9	2055	9	16.9	1	230	1	1758	9							16.2	1			1758	9
45055001	ORLEANS	47.990667	1.778167	123	20220108	6.2	1	2.8	1	215	9	9.5	1	1911	9	6.7	1	6.2	1	6.7	1	0.9	9	1.6	9	0	9	8.1	1			14.5	1	280	1	2111	1	20.7	1	260	9	2008	9												
45055001	ORLEANS	47.990667	1.778167	123	20220109	0.0	1	3.4	1	606	9	8.0	1	1347	9	5.4	1	5.7	1	4.6	1	2.5	9	3.0	9	0	9	4.9	1			10.9	1	260	1	109	9	14.3	1	260	1	309	9							13.8	1			310	9
45055001	ORLEANS	47.990667	1.778167	123	20220110	0.0	1	3.6	1	646	9	7.5	1	1317	9	4.6	1	5.6	1	3.9	1	2.6	9	3.1	9	0	9	2.1	1			4.5	1	110	9	2352	9	6.2	1	110	9	2345	9							6.0	1			2345	9
45055001	ORLEANS	47.990667	1.778167	123	20220111	0.0	1	-0.5	1	1029	9	2.8	1	1336	9	0.4	1	1.2	1	3.3	1	-1.6	9	-0.9	9	526	9	2.5	1			4.6	1	40	1	1534	9	6.3	1	40	1	1532	9							6.0	1			1532	9
45055001	ORLEANS	47.990667	1.778167	123	20220112	0.0	1	-1.6	1	306	9	3.0	1	1641	9	0.5	1	0.7	1	4.6	1	-1.1	9	-1.3	9	730	9	3.2	1			4.8	1	30	9	2118	9	11.6	1	20	9	2110	9							11.0	1			2110	9
45055001	ORLEANS	47.990667	1.778167	123	20220113	0.0	1	0.6	1	625	9	3.1	1	1439	9	1.4	1	1.9	1	2.5	1	-3.7	9	-2.1	9	0	9	5.0	1			7.6	1	50	1	934	9	9.6	1	50	9	2049	9							9.3	1			2047	9
45055001	ORLEANS	47.990667	1.778167	123	20220114	0.0	1	-1.3	1	630	9	2.4	1	1527	9	-0.4	1	0.6	1	3.7	1	-5.0	9	-3.5	9	958	9	1.9	1			3.3	1	80	1	655	9	4.7	1	40	1	252	9							4.5	1			252	9
45055001	ORLEANS	47.990667	1.778167	123	20220115	0.0	1	-4.6	1	449	9	-0.4	1	1401	9	-2.3	1	-2.5	1	4.2	1	-7.2	9	-6.3	9	1440	9	1.9	1			4.4	1	270	9	2300	9	6.2	1	260	9	2323	9							5.9	1			2033	9
45055001	ORLEANS	47.990667	1.778167	123	20220116	0.0	1	-2.2	1	2216	9	2.9	1	551	9	0.6	1	0.4	1	5.1	1	-1.8	9	-1.9	9	586	9	4.2	1			7.1	1	230	1	1131	9	9.0	1	210	1	1205	9							8.7	1			1310	9
45055001	ORLEANS	47.990667	1.778167	123	20220117	0.0	1	1.9	1	1801	9	5.2	1	1451	9	3.7	1	3.6	1	3.3	1	2.0	9	2.0	9	0	9	1.5	1			3.6	1	340	1	1707	9	5.1	1	10	1	1806	9							5.0	1			1810	9
45055001	ORLEANS	47.990667	1.778167	123	20220118	0.0	1	0.7	1	645	9	7.1	1	1529	9	3.1	1	3.9	1	6.4	1	0.8	9	0.9	9	0	9	3.1	1			5.9	1	60	1	956	9	7.9	1	60	1	1007	9							7.8	1			1048	9
45055001	ORLEANS	47.990667	1.778167	123	20220119	0.8	1	2.1	1	1949	9	5.4	1	1427	9	4.3	1	3.8	1	3.3	1	-1.6	9	0.6	9	0	9	3.6	1			5.5	1	230	1	756	9	7.2	1	230	1	752	9							7.1	1			752	9
45055001	ORLEANS	47.990667	1.778167	123	20220120	0.0	1	0.3	1	802	9	7.0	1	1113	9	3.6	1	3.7	1	6.7	1	-1.4	9	-0.4	9	9	9	3.6	1			8.0	1	30	1	1832	9	12.4	1	360	1	1405	9							11.5	1			1410	9
45055001	ORLEANS	47.990667	1.778167	123	20220121	0.0	1	-0.1	1	2306	9	5.7	1	1446	9	1.9	1	2.8	1	5.8	1	-1.6	9	-1.2	9	185	9	3.6	1			6.4	1	10	1	1337	9	9.7	1	360	1	1348	9							9.3	1			1348	9
45055001	ORLEANS	47.990667	1.778167	123	20220122	0.0	1	-2.5	1	314	9	5.3	1	1339	9	2.7	1	1.4	1	7.8	1	-7.2	9	-5.0	9	297	9	2.4	1			4.1	1	10	1	1320	9	5.5	1	360	1	1312	9							5.3	1			1313	9
45055001	ORLEANS	47.990667	1.778167	123	20220123	0.0	1	2.5	1	758	9	3.9	1	1836	9	2.6	1	3.2	1	1.4	1	2.6	9	2.7	9	97	9	3.7	1			5.8	1	80	1	1218	9	7.7	1	60	1	1044	9							7.4	1			1044	9
45055001	ORLEANS	47.990667	1.778167	123	20220124	0.0	1	-2.2	1	528	9	1.4	1	1406	9	-0.6	1	-0.4	1	3.6	1	-5.4	9	-3.0	9	996	9	2.4	1			4.7	1	70	1	709	9	5.8	1	70	1	814	9							5.6	1			814	9
45055001	ORLEANS	47.990667	1.778167	123	20220125	0.0	1	-2.5	1	804	9	-1.1	1	1341	9	-1.8	1	-1.8	1	1.4	1	-1.9	9	-2.1	9	1440	9	1.0	1			2.8	1	270	1	1436	9	4.1	1	230	1	1206	9							3.9	1			1210	9
45055001	ORLEANS	47.990667	1.778167	123	20220126	0.0	1	-2.1	1	2200	9	0.1	1	1455	9	-0.8	1	-1.0	1	2.2	1	-1.7	9	-1.9	9	1370	9	1.7	1			3.2	1	360	1	1140	9	4.3	1	40	1	307	9							4.3	1			1153	9
45055001	ORLEANS	47.990667	1.778167	123	20220127	0.0	1	-0.5	1	443	9	3.6	1	502	9	1.2	1	1.6	1	4.1	1	-0.3	9	-0.3	9	574	9	4.0	1			6.4	1	220	1	1249	9	7.9	1	210	1	1243	9							7.8	1			1310	9
45055001	ORLEANS	47.990667	1.778167	123	20220128	0.2	1	2.3	1	1841	9	5.8	1	1417	9	4.5	1	4.1	1	3.5	1	2.0	9	2.1	9	0	9	2.1	1			3.7	1	220	1	56	9	4.9	1	220	1	102	9							4.7	1			110	9
45055001	ORLEANS	47.990667	1.778167	123	20220129	0.0	1	4.1	1	220	9	8.4	1	1525	9	6.6	1	6.3	1	4.3	1	4.2	9	4.2	9	0	9	4.9	1			7.1	1	240	1	1310	9	9.9	1	240	1	1313	9							9.5	1			1313	9
45055001	ORLEANS	47.990667	1.778167	123	20220130	0.2	1	6.3	1	1800	9	10.8	1	1355	9	7.6	1	8.6	1	4.5	1	4.7	9	5.7	9	0	9	2.9	1			5.5	1	280	9	2351	9	7.5	1	290	9	2350	9							7.3	1			2350	9
45055001	ORLEANS	47.990667	1.778167	123	20220131	0.0	1	2.9	1	154	9	9.4	1	1251	9	4.8	1	6.2	1	6.5	1	1.6	9	2.3	9	134	9	6.3	1			11.9	1	330	1	1350	9	23.5	1	330	1	1409	9							18.7	1			1410	9
45055001	ORLEANS	47.990667	1.778167	123	20220201	1.4	1	-2.0	1	2348	9	10.0	1	1400	9	5.8	1	4.0	1	12.0	1	-6.4	9	-3.8	9	174	9	5.7	1			9.0	1	280	1	1420	9	12.3	1	290	1	1417	9							11.8	1			1416	9
45055001	ORLEANS	47.990667	1.778167	123	20220202	0.0	1	7.5	1	553	9	9.6	1	1113	9	8.3	1	8.6	1	2.1	1	7.1	9	7.3	9	0	9	4.0	1			6.9	1	270	1	1	9	9.2	1	290	1	49	9							8.9	1			49	9
45055001	ORLEANS	47.990667	1.778167	123	20220203	0.0	1	3.3	1	814	9	7.3	1	1117	9	6.0	1	5.3	1	4.0	1	2.6	9	3.0	9	0	9	3.6	1			6.1	1	190	1	534	9	9.0	1	200	1	526	9							8.8	1			526	9
45055001	ORLEANS	47.990667	1.778167	123	20220204	1.2	1	5.1	1	2223	9	10.7	1	1325	9	5.8	1	7.9	1	5.6	1	4.2	9	4.5	9	37	9	5.5	1			8.9	1	240	1	1355	9	12.0	1	250	1	1350	9							11.8	1			1350	9
45055001	ORLEANS	47.990667	1.778167	123	20220205	0.0	1	-1.8	1	109	9	10.1	1	1358	9	3.9	1	4.2	1	11.9	1	-6.3	9	-4.1	9	405	9	4.2	1			7.5	1	250	1	1506	9	9.3	1	260	1	1438	9							9.2	1			1510	9
45055001	ORLEANS	47.990667	1.778167	123	20220206	2.6	1	4.1	1	2233	9	10.6	1	1835	9	8.1	1	7.4	1	6.5	1	3.4	9	3.8	9	0	9	10.0	1			13.8	1	230	1	1254	9	18.6	1	240	1	1248	9							18.2	1			1248	9
45055001	ORLEANS	47.990667	1.778167	123	20220207	0.0	1	0.2	1	709	9	10.7	1	1419	9	5.9	1	5.5	1	10.5	1	-2.3	9	-0.7	9	0	9	3.1	1			7.8	1	290	1	15	9	11.1	1	280	1	2	9							10.4	1			10	9
45055001	ORLEANS	47.990667	1.778167	123	20220208	0.0	1	2.9	1	48	9	12.7	1	1522	9	6.5	1	7.8	1	9.8	1	-2.0	9	1.1	9	0	9	2.1	1			4.8	1	230	1	1344	9	6.0	1	230	1	1338	9							5.8	1			1338	9
45055001	ORLEANS	47.990667	1.778167	123	20220209	0.0	1	-1.8	1	619	9	14.1	1	1458	9	6.2	1	6.2	1	15.9	1	-5.9	9	-4.1	9	138	9	2.2	1			6.5	1	220	1	1325	9	8.5	1	220	9	2333	9							8.2	1			2333	9
45055001	ORLEANS	47.990667	1.778167	123	20220210	0.8	1	3.8	1	640	9	10.6	1	1234	9	6.4	1	7.2	1	6.8	1	-1.9	9	1.6	9	0	9	4.7	1			9.2	1	230	1	314	9	12.2	1	260	1	151	9							11.9	1			151	9
45055001	ORLEANS	47.990667	1.778167	123	20220211	0.0	1	-1.8	1	658	9	9.0	1	1346	9	2.9	1	3.6	1	10.8	1	-8.0	9	-5.8	9	410	9	2.3	1			5.1	1	60	1	1511	9	7.7	1	70	1	1005	9							7.2	1			1010	9
45055001	ORLEANS	47.990667	1.778167	123	20220212	0.0	1	-2.2	1	611	9	9.9	1	1421	9	3.0	1	3.9	1	12.1	1	-4.7	9	-2.7	9	496	9	2.9	1			4.9	1	150	1	1039	9	6.7	1	140	1	1041	9							6.6	1			2131	9
45055001	ORLEANS	47.990667	1.778167	123	20220213	0.2	1	-1.1	1	342	9	14.6	1	1414	9	7.8	1	6.8	1	15.7	1	-2.8	9	-1.9	9	214	9	6.3	1			11.7	1	200	1	1458	9	17.0	1	190	1	1436	9							16.3	1			1436	9
45055001	ORLEANS	47.990667	1.778167	123	20220214	7.9	1	6.5	1	623	9	11.0	1	1150	9	7.7	1	8.8	1	4.5	1	5.8	9	5.8	9	0	9	6.7	1			12.4	1	210	1	255	9	17.9	1	200	1	54	9							17.2	1			127	9
45055001	ORLEANS	47.990667	1.778167	123	20220215	3.2	1	1.7	1	538	9	10.4	1	529	9	6.4	1	6.1	1	8.7	1	0.7	9	1.3	9	0	9	6.9	1			10.2	1	210	9	2150	9	14.4	1	210	9	2146	9							13.6	1			2148	9
45055001	ORLEANS	47.990667	1.778167	123	20220216	0.2	1	8.3	1	2038	9	14.2	1	1435	9	11.9	1	11.3	1	5.9	1	7.9	9	8.0	9	0	9	10.4	1			13.2	1	230	9	2109	9	18.1	1	220	9	2037	9							17.4	1			2037	9
45055001	ORLEANS	47.990667	1.778167	123	20220217	1.2	1	9.7	1	805	9	14.1	1	1429	9	11.6	1	11.9	1	4.4	1	9.3	9	9.7	9	0	9	6.9	1			11.8	1	240	1	207	9	16.9	1	230	1	38	9							16.3	1			12	9
45055001	ORLEANS	47.990667	1.778167	123	20220218	1.2	1	7.2	1	1752	9	12.1	1	1132	9	9.1	1	9.7	1	4.9	1	5.8	9	6.4	9	0	9	9.2	1			15.7	1	240	1	1210	9	23.3	1	270	1	1208	9							21.9	1			1210	9
45055001	ORLEANS	47.990667	1.778167	123	20220219	0.4	1	0.7	1	629	9	10.0	1	1456	9	6.0	1	5.4	1	9.3	1	-0.6	9	0.0	9	0	9	7.1	1			10.8	1	220	1	1611	9	14.8	1	220	1	1545	9							14.6	1			1610	9
45055001	ORLEANS	47.990667	1.778167	123	20220220	1.6	1	6.9	1	2325	9	13.5	1	1204	9	10.0	1	10.2	1	6.6	1	6.5	9	6.5	9	0	9	9.8	1			14.0	1	220	9	2050	9	20.9	1	230	9	2215	9							19.8	1			2215	9
45055001	ORLEANS	47.990667	1.778167	123	20220221	0.0	1	5.1	1	736	9	11.1	1	1322	9	7.7	1	8.1	1	6.0	1	4.4	9	4.8	9	0	9	9.0	1			14.5	1	290	1	13	9	20.2	1	280	1	1240	9							19.3	1			1240	9
45055001	ORLEANS	47.990667	1.778167	123	20220222	0.2	1	2.8	1	342	9	11.8	1	1541	9	7.9	1	7.3	1	9.0	1	1.4	9	2.2	9	0	9	5.6	1			9.0	1	220	1	1035	9	12.4	1	220	1	1034	9							11.7	1			1034	9
45055001	ORLEANS	47.990667	1.778167	123	20220223	0.2	1	4.6	1	206	9	12.8	1	1504	9	8.9	1	8.7	1	8.2	1	-1.3	9	1.9	9	0	9	2.5	1			6.2	1	220	1	1346	9	9.4	1	240	1	1241	9							8.9	1			1241	9
45055001	ORLEANS	47.990667	1.778167	123	20220224	1.6	1	5.5	1	1759	9	12.2	1	1250	9	6.9	1	8.9	1	6.7	1	4.3	9	4.9	9	0	9	5.6	1			12.2	1	230	1	1200	9	21.4	1	270	1	1359	9							20.8	1			1359	9
45055001	ORLEANS	47.990667	1.778167	123	20220225	0.2	1	-0.6	1	334	9	10.8	1	1417	9	4.0	1	5.1	1	11.4	1	-2.0	9	-1.3	9	236	9	3.6	1			5.9	1	320	1	1304	9	9.3	1	310	1	1216	9							9.1	1			1216	9
45055001	ORLEANS	47.990667	1.778167	123	20220226	0.2	1	-2.1	1	611	9	10.4	1	1343	9	3.9	1	4.2	1	12.5	1	-6.4	9	-3.2	9	387	9	4.3	1			8.9	1	110	1	1430	9	12.6	1	110	1	1426	9							12.2	1			1426	9
45055001	ORLEANS	47.990667	1.778167	123	20220227	0.0	1	-3.2	1	714	9	11.1	1	1447	9	3.8	1	4.0	1	14.3	1	-5.3	9	-4.1	9	322	9	3.1	1			5.6	1	90	1	21	9	8.8	1	90	1	17	9							8.0	1			17	9
45055001	ORLEANS	47.990667	1.778167	123	20220228	0.2	1	-4.1	1	623	9	14.6	1	1539	9	4.9	1	5.3	1	18.7	1	-9.8	9	-6.7	9	445	9	1.6	1			3.7	1	90	1	1836	9	4.9	1	100	1	1107	9							4.8	1			1110	9
45055001	ORLEANS	47.990667	1.778167	123	20220301	0.0	1	-0.4	1	155	9	14.1	1	1519	9	7.1	1	6.9	1	14.5	1	-4.5	9	-1.7	9	56	9	1.7	1			4.5	1	150	1	1017	9	6.3	1	140	1	1016	9							6.0	1			1016	9
45055001	ORLEANS	47.990667	1.778167	123	20220302	0.0	1	2.1	1	507	9	13.5	1	1424	9	8.2	1	7.8	1	11.4	1	1.4	9	1.8	9	0	9	2.1	1			4.6	1	220	9	2001	9	6.2	1	220	1	1953	9							6.1	1			1953	9
45055001	ORLEANS	47.990667	1.778167	123	20220303	0.0	1	8.4	1	2318	9	12.9	1	1227	9	9.1	1	10.7	1	4.5	1	5.7	9	7.0	9	0	9	2.2	1			5.6	1	260	1	1420	9	7.9	1	280	1	1428	9							7.5	1			1420	9
45055001	ORLEANS	47.990667	1.778167	123	20220304	1.0	1	3.8	1	645	9	12.2	1	1211	9	8.0	1	8.0	1	8.4	1	-0.1	9	1.9	9	0	9	3.5	1			7.3	1	340	1	1540	9	9.7	1	310	1	1531	9							9.3	1			1531	9
45055001	ORLEANS	47.990667	1.778167	123	20220305	0.0	1	6.3	1	29	9	10.6	1	1343	9	7.4	1	8.5	1	4.3	1	6.3	9	6.2	9	0	9	3.3	1			5.4	1	330	1	1514	9	7.3	1	340	1	1557	9							7.2	1			1557	9
45055001	ORLEANS	47.990667	1.778167	123	20220306	0.0	1	0.8	1	653	9	8.3	1	1431	9	3.9	1	4.6	1	7.5	1	-0.5	9	-0.1	9	60	9	5.0	1			8.7	1	40	1	1258	9	13.8	1	70	1	1249	9							13.2	1			1249	9
45055001	ORLEANS	47.990667	1.778167	123	20220307	0.0	1	-3.0	1	648	9	7.7	1	1419	9	2.3	1	2.4	1	10.7	1	-4.4	9	-3.2	9	539	9	5.0	1			9.5	1	60	1	1028	9	12.8	1	60	1	1014	9							12.3	1			1014	9
45055001	ORLEANS	47.990667	1.778167	123	20220308	0.0	1	-2.0	1	404	9	15.9	1	1518	9	6.9	1	7.0	1	17.9	1	-3.8	9	-3.2	9	303	9	2.8	1			5.8	1	120	1	852	9	8.1	1	170	1	1337	9							7.7	1			1337	9
45055001	ORLEANS	47.990667	1.778167	123	20220309	0.0	1	3.7	1	500	9	15.8	1	1435	9	9.6	1	9.8	1	12.1	1	-2.3	9	1.4	9	0	9	3.7	1			6.7	1	160	1	1417	9	10.9	1	150	1	1412	9							10.1	1			1412	9
45055001	ORLEANS	47.990667	1.778167	123	20220310	0.0	1	4.0	1	624	9	16.6	1	1224	9	10.8	1	10.3	1	12.6	1	2.5	9	3.4	9	0	9	3.6	1			6.3	1	230	1	1438	1	10.8	1	200	1	1414	9							10.3	1			1414	1
45055001	ORLEANS	47.990667	1.778167	123	20220311	3.6	1	7.1	1	405	9	13.8	1	1214	9	9.4	1	10.5	1	6.7	1	3.1	9	5.5	9	0	9	5.8	1			10.0	1	220	1	1359	9	15.7	1	190	1	1218	9							14.6	1			1218	9
45055001	ORLEANS	47.990667	1.778167	123	20220312	2.0	1	5.1	1	309	9	10.4	1	1152	9	7.8	1	7.8	1	5.3	1	3.6	9	4.4	9	0	9	4.8	1			7.6	1	140	1	1441	9	11.5	1	160	9	2333	9							10.9	1			2333	9
45055001	ORLEANS	47.990667	1.778167	123	20220313	7.0	1	6.4	1	243	9	9.7	1	1113	9	7.3	1	8.1	1	3.3	1	5.1	9	5.8	9	0	9	4.5	1			6.9	1	170	1	1209	9	10.7	1	160	1	1107	9							10.2	1			1110	9
45055001	ORLEANS	47.990667	1.778167	123	20220314	2.4	1	1.6	1	506	9	15.7	1	1459	9	8.5	1	8.7	1	14.1	1	-1.0	9	0.5	9	0	9	3.5	1			6.1	1	90	1	1625	9	10.4	1	100	1	1412	9							9.8	1			1412	9
45055001	ORLEANS	47.990667	1.778167	123	20220315	0.2	1	6.6	1	2129	9	14.8	1	1536	9	10.4	1	10.7	1	8.2	1	5.4	9	5.9	9	0	9	2.1	1			3.0	1	70	1	954	9	5.1	1	20	1	853	9							4.9	1			853	9
45055001	ORLEANS	47.990667	1.778167	123	20220316	0.0	1	6.0	1	452	9	14.3	1	1418	9	10.4	1	10.2	1	8.3	1	3.5	9	5.0	9	0	9	2.0	1			8.4	1	330	9	2133	9	12.6	1	330	9	2128	9							12.1	1			2128	9
45055001	ORLEANS	47.990667	1.778167	123	20220317	0.0	1	6.6	1	620	9	9.0	1	1302	9	7.5	1	7.8	1	2.4	1	5.3	9	5.7	9	0	9	5.0	1			8.0	1	350	1	823	9	13.4	1	10	1	1508	9							12.8	1			1510	9
45055001	ORLEANS	47.990667	1.778167	123	20220318	0.0	1	4.3	1	44	9	14.8	1	1458	9	8.4	1	9.6	1	10.5	1	3.2	9	3.5	9	0	9	8.2	1			13.9	1	60	1	1515	9	20.5	1	50	1	1535	9							19.1	1			1537	9
45055001	ORLEANS	47.990667	1.778167	123	20220319	0.0	1	4.0	1	38	9	15.1	1	1507	9	8.8	1	9.6	1	11.1	1	2.7	9	3.1	9	0	9	5.8	1			8.4	1	60	1	458	9	11.9	1	60	1	508	9							11.5	1			510	9
45055001	ORLEANS	47.990667	1.778167	123	20220320	0.0	1	-0.7	1	552	9	13.9	1	1448	9	6.5	1	6.6	1	14.6	1	-2.9	9	-2.0	9	105	9	2.9	1			5.0	1	50	1	1	9	6.1	1	60	1	35	9							5.9	1			35	9
45055001	ORLEANS	47.990667	1.778167	123	20220321	0.0	1	5.8	1	535	9	18.4	1	1506	9	11.9	1	12.1	1	12.6	1	2.8	9	4.3	9	0	9	3.5	1			5.8	1	100	1	1438	9	9.3	1	100	1	1420	9							8.4	1			1420	9
45055001	ORLEANS	47.990667	1.778167	123	20220322	0.0	1	4.6	1	451	9	16.9	1	1415	9	11.1	1	10.8	1	12.3	1	1.0	9	2.7	9	0	9	4.7	1			7.7	1	140	1	1257	9	12.1	1	130	1	1201	9							11.5	1			1210	9
45055001	ORLEANS	47.990667	1.778167	123	20220323	0.0	1	1.6	1	526	9	18.2	1	1416	9	10.5	1	9.9	1	16.6	1	-4.3	9	-1.6	9	0	9	3.7	1			8.4	1	110	1	1232	9	12.1	1	110	1	1209	9							11.8	1			1210	9
45055001	ORLEANS	47.990667	1.778167	123	20220324	0.0	1	1.4	1	453	9	21.1	1	1336	9	11.0	1	11.3	1	19.7	1	-2.0	9	0.5	9	0	9	2.5	1			5.8	1	60	1	1711	9	8.2	1	60	1	1705	9							8.0	1			1710	9
45055001	ORLEANS	47.990667	1.778167	123	20220325	0.0	1	3.3	1	546	9	20.2	1	1337	9	11.0	1	11.8	1	16.9	1	2.3	9	2.6	9	0	9	5.3	1			8.7	1	50	1	1230	9	13.3	1	50	1	1303	9							13.0	1			1310	9
45055001	ORLEANS	47.990667	1.778167	123	20220326	0.0	1	1.8	1	540	9	19.8	1	1438	9	11.0	1	10.8	1	18.0	1	0.4	9	0.9	9	0	9	5.5	1			9.5	1	50	1	1225	9	12.7	1	60	1	1148	9							12.4	1			1219	9
45055001	ORLEANS	47.990667	1.778167	123	20220327	0.0	1	3.2	1	527	9	21.1	1	1443	9	11.6	1	12.2	1	17.9	1	-0.5	9	1.6	9	0	9	3.3	1			7.1	1	50	1	1351	9	9.4	1	50	1	1345	9							9.0	1			1341	9
45055001	ORLEANS	47.990667	1.778167	123	20220328	0.0	1	3.6	1	448	9	22.6	1	1437	9	13.4	1	13.1	1	19.0	1	-2.0	9	0.9	9	0	9	1.8	1			3.8	1	40	1	1657	9	6.1	1	200	1	1313	9							5.5	1			1313	9
45055001	ORLEANS	47.990667	1.778167	123	20220329	3.8	1	9.1	1	519	9	15.7	1	1035	9	12.0	1	12.4	1	6.6	1	6.4	9	8.6	9	0	9	2.1	1			5.7	1	260	1	1106	9	8.9	1	260	9	2307	9							8.7	1			2310	9
45055001	ORLEANS	47.990667	1.778167	123	20220330	1.0	1	6.0	1	523	9	12.7	1	1519	9	9.3	1	9.4	1	6.7	1	2.2	9	3.9	9	0	9	2.5	1			5.7	1	350	9	2254	9	9.3	1	360	1	1725	9							8.9	1			1725	9
45055001	ORLEANS	47.990667	1.778167	123	20220331	0.0	1	3.7	1	537	9	8.3	1	1453	9	5.1	1	6.0	1	4.6	1	2.0	9	2.9	9	0	9	6.4	1			12.2	1	350	1	1522	9	16.6	1	350	1	1515	9							15.7	1			1515	9
45055001	ORLEANS	47.990667	1.778167	123	20220401	1.0	1	0.1	1	218	9	3.5	1	1317	9	1.7	1	1.8	1	3.4	1	-1.0	9	-0.5	9	0	9	8.5	1			13.0	1	330	1	934	9	18.1	1	340	1	856	9							17.5	1			856	9
45055001	ORLEANS	47.990667	1.778167	123	20220402	0.0	1	-0.7	1	431	9	8.0	1	1315	9	3.3	1	3.7	1	8.7	1	-2.1	9	-1.4	9	186	9	6.9	1			10.5	1	360	1	853	9	14.8	1	360	1	1001	9							13.8	1			1010	9
45055001	ORLEANS	47.990667	1.778167	123	20220403	0.0	1	-1.4	1	535	9	8.8	1	1451	9	3.9	1	3.7	1	10.2	1	-2.9	9	-2.2	9	163	9	4.9	1			8.5	1	50	1	1242	9	17.7	1	30	1	1330	9							17.0	1			1330	9
45055001	ORLEANS	47.990667	1.778167	123	20220404	0.2	1	-4.0	1	518	9	11.7	1	1359	9	5.2	1	3.9	1	15.7	1	-9.5	9	-7.9	9	425	9	4.6	1			8.4	1	240	1	1307	9	14.4	1	240	1	1048	9							13.5	1			1048	9
45055001	ORLEANS	47.990667	1.778167	123	20220405	0.2	1	6.5	1	205	9	12.2	1	1550	9	9.2	1	9.4	1	5.7	1	5.2	9	5.3	9	0	9	5.2	1			7.8	1	230	1	125	9	10.8	1	230	1	52	9							10.6	1			52	9
45055001	ORLEANS	47.990667	1.778167	123	20220406	1.6	1	4.6	1	259	9	11.9	1	1536	9	9.5	1	8.3	1	7.3	1	0.7	9	3.0	9	0	9	6.2	1			12.4	1	220	9	2035	9	19.0	1	220	9	2027	9							18.1	1			2027	9
45055001	ORLEANS	47.990667	1.778167	123	20220407	8.7	1	9.5	1	2147	9	15.0	1	1131	9	11.2	1	12.3	1	5.5	1	9.0	9	9.0	9	0	9	8.6	1			14.3	1	240	1	1110	9	20.1	1	220	1	818	9							19.7	1			818	9
45055001	ORLEANS	47.990667	1.778167	123	20220408	13.4	1	5.0	1	1758	9	15.3	1	1153	9	8.8	1	10.2	1	10.3	1	4.8	9	4.7	9	0	9	8.4	1			16.6	1	230	1	1143	9	25.1	1	220	1	1040	9							23.9	1			1040	9
45055001	ORLEANS	47.990667	1.778167	123	20220409	0.0	1	3.1	1	1858	9	12.2	1	1245	9	6.6	1	7.7	1	9.1	1	2.0	9	2.7	9	0	9	4.0	1			7.3	1	260	1	343	9	10.3	1	310	1	1139	9							9.4	1			1057	9
45055001	ORLEANS	47.990667	1.778167	123	20220410	0.0	1	-1.6	1	511	9	14.5	1	1352	9	8.0	1	6.5	1	16.1	1	-6.1	9	-4.9	9	197	9	3.1	1			6.1	1	110	1	1528	9	9.6	1	100	1	1521	9							9.5	1			1521	9
45055001	ORLEANS	47.990667	1.778167	123	20220411	0.0	1	4.4	1	448	9	21.5	1	1523	9	13.4	1	13.0	1	17.1	1	2.4	9	3.5	9	0	9	4.5	1			6.2	1	110	1	1738	9	9.0	1	110	1	338	9							8.5	1			338	9
45055001	ORLEANS	47.990667	1.778167	123	20220412	6.1	1	9.0	1	346	9	19.9	1	1301	9	14.1	1	14.5	1	10.9	1	7.0	9	8.0	9	0	9	3.7	1			9.8	1	250	1	1640	9	12.8	1	200	1	1033	9							12.4	1			1033	9
45055001	ORLEANS	47.990667	1.778167	123	20220413	1.8	1	11.4	1	644	9	15.6	1	1429	9	12.9	1	13.5	1	4.2	1	10.0	9	10.6	9	0	9	1.5	1			3.4	1	150	1	743	9	4.7	1	140	1	738	9							4.5	1			738	9
45055001	ORLEANS	47.990667	1.778167	123	20220414	0.2	1	8.1	1	538	9	20.7	1	1513	9	14.4	1	14.4	1	12.6	1	5.4	9	6.5	9	0	9	1.5	1			4.3	1	10	1	1640	9	8.3	1	350	1	1536	9							7.7	1			1536	9
45055001	ORLEANS	47.990667	1.778167	123	20220415	0.2	1	6.6	1	516	9	21.6	1	1448	9	14.6	1	14.1	1	15.0	1	1.5	9	3.4	9	0	9	3.0	1			5.3	1	20	1	1642	9	7.8	1	40	1	1538	9							7.5	1			1538	9
45055001	ORLEANS	47.990667	1.778167	123	20220416	0.0	1	8.2	1	318	9	19.8	1	1400	9	13.2	1	14.0	1	11.6	1	3.7	9	6.6	9	0	9	5.0	1			8.2	1	40	1	1535	9	11.5	1	50	1	1524	9							11.3	1			1524	9
45055001	ORLEANS	47.990667	1.778167	123	20220417	0.0	1	3.5	1	420	9	21.1	1	1412	9	12.0	1	12.3	1	17.6	1	1.8	9	2.6	9	0	9	3.8	1			7.0	1	40	1	1606	9	9.3	1	60	1	1015	9							8.6	1			1015	9
45055001	ORLEANS	47.990667	1.778167	123	20220418	0.0	1	3.2	1	505	9	18.8	1	1347	9	11.8	1	11.0	1	15.6	1	-1.3	9	0.2	9	0	9	3.4	1			5.9	1	340	9	2046	9	9.2	1	350	9	2028	9							8.5	1			2028	9
45055001	ORLEANS	47.990667	1.778167	123	20220419	0.0	1	6.6	1	253	9	16.6	1	1420	9	10.9	1	11.6	1	10.0	1	5.4	9	5.7	9	0	9	4.1	1			6.2	1	360	9	2145	9	10.1	1	350	1	1157	9							9.3	1			1157	9
45055001	ORLEANS	47.990667	1.778167	123	20220420	0.0	1	5.9	1	427	9	19.0	1	1606	9	11.9	1	12.5	1	13.1	1	5.0	9	5.1	9	0	9	3.9	1			5.9	1	40	1	1230	9	10.5	1	40	1	637	9							9.7	1			637	9
45055001	ORLEANS	47.990667	1.778167	123	20220421	0.0	1	5.4	1	447	9	18.7	1	1615	9	11.8	1	12.1	1	13.3	1	2.4	9	3.5	9	0	9	3.6	1			7.1	1	50	1	1415	9	9.4	1	50	1	1257	9							9.3	1			1257	9
45055001	ORLEANS	47.990667	1.778167	123	20220422	0.4	1	4.5	1	448	9	19.6	1	1408	9	12.3	1	12.1	1	15.1	1	1.5	9	3.3	9	0	9	4.4	1			7.4	1	60	1	1052	9	10.7	1	80	1	1044	9							10.5	1			1044	9
45055001	ORLEANS	47.990667	1.778167	123	20220423	2.2	1	8.1	1	2351	9	21.0	1	1345	9	13.8	1	14.6	1	12.9	1	6.8	9	7.5	9	0	9	5.0	1			9.4	1	80	1	1757	9	12.9	1	90	1	1816	9							12.6	1			1816	9
45055001	ORLEANS	47.990667	1.778167	123	20220424	0.0	1	9.9	1	453	9	18.9	1	1223	9	13.9	1	14.4	1	9.0	1	9.2	9	9.3	9	0	9	3.2	1			5.8	1	320	1	1057	9	10.1	1	20	1	1048	9							9.5	1			1050	9
45055001	ORLEANS	47.990667	1.778167	123	20220425	0.0	1	5.6	1	430	9	16.8	1	1339	9	10.8	1	11.2	1	11.2	1	2.2	9	2.9	9	0	9	3.2	1			4.9	1	340	1	1542	9	10.1	1	360	9	2036	9							9.4	1			730	9
45055001	ORLEANS	47.990667	1.778167	123	20220426	0.0	1	3.0	1	448	9	16.0	1	1428	9	9.6	1	9.5	1	13.0	1	1.3	9	2.0	9	0	9	3.4	1			6.6	1	60	1	1721	9	9.2	1	50	1	1435	9							8.8	1			1327	9
45055001	ORLEANS	47.990667	1.778167	123	20220427	0.0	1	3.5	1	449	9	19.1	1	1455	9	11.6	1	11.3	1	15.6	1	2.4	9	2.8	9	0	9	5.8	1			9.9	1	50	1	1624	9	13.6	1	60	1	1622	9							13.4	1			1622	9
45055001	ORLEANS	47.990667	1.778167	123	20220428	0.0	1	6.6	1	154	9	20.5	1	1336	9	13.5	1	13.6	1	13.9	1	5.0	9	5.7	9	0	9	4.9	1			8.6	1	50	1	1025	9	15.7	1	60	1	606	9							13.9	1			610	9
45055001	ORLEANS	47.990667	1.778167	123	20220429	0.0	1	9.6	1	438	9	21.3	1	1447	9	14.3	1	15.5	1	11.7	1	6.5	9	8.1	9	0	9	4.0	1			6.2	1	10	1	1713	9	9.9	1	10	1	905	9							9.3	1			910	9
45055001	ORLEANS	47.990667	1.778167	123	20220430	0.0	1	5.3	1	452	9	17.6	1	1437	9	10.8	1	11.5	1	12.3	1	4.5	9	4.7	9	0	9	4.0	1			6.8	1	20	1	1409	9	11.9	1	40	1	1535	9							11.2	1			1535	9
45055001	ORLEANS	47.990667	1.778167	123	20220501	0.0	1	4.1	1	326	9	17.0	1	1506	9	10.6	1	10.6	1	12.9	1	0.9	9	2.2	9	0	9	3.3	1			5.6	1	30	1	1538	9	12.3	1	40	1	1529	9							11.8	1			1529	9
45055001	ORLEANS	47.990667	1.778167	123	20220502	0.0	1	4.3	1	425	9	18.7	1	1307	9	12.3	1	11.5	1	14.4	1	2.8	9	2.9	9	0	9	4.0	1			6.4	1	20	1	1358	9	11.8	1	60	1	1231	9							10.2	1			1231	9
45055001	ORLEANS	47.990667	1.778167	123	20220503	0.4	1	6.1	1	404	9	18.7	1	1056	9	13.3	1	12.4	1	12.6	1	4.8	9	5.2	9	0	9	4.9	1			8.3	1	30	1	947	9	11.8	1	30	1	939	9							10.8	1			939	9
45055001	ORLEANS	47.990667	1.778167	123	20220504	0.2	1	10.2	1	438	9	18.4	1	1627	9	12.2	1	14.3	1	8.2	1	9.6	9	9.5	9	0	9	2.3	1			7.4	1	310	1	1819	9	10.7	1	310	1	1815	9							10.2	1			1815	9
45055001	ORLEANS	47.990667	1.778167	123	20220505	0.0	1	5.5	1	508	9	20.4	1	1552	9	12.1	1	13.0	1	14.9	1	-0.4	9	1.8	9	0	9	3.6	1			6.6	1	360	1	1709	9	9.8	1	320	1	1510	9							9.3	1			1510	9
45055001	ORLEANS	47.990667	1.778167	123	20220506	0.0	1	5.5	1	439	9	21.6	1	1433	9	14.3	1	13.6	1	16.1	1	3.0	9	4.0	9	0	9	3.5	1			5.7	1	20	1	1645	9	8.8	1	360	1	827	9							8.2	1			827	9
45055001	ORLEANS	47.990667	1.778167	123	20220507	1.4	1	9.3	1	418	9	21.6	1	1456	9	14.7	1	15.5	1	12.3	1	6.6	9	8.7	9	0	9	2.9	1			5.4	1	10	1	1607	9	8.7	1	30	1	1601	9							8.2	1			1610	9
45055001	ORLEANS	47.990667	1.778167	123	20220508	0.0	1	8.4	1	426	9	21.9	1	1535	9	15.3	1	15.2	1	13.5	1	5.8	9	7.2	9	0	9	4.1	1			6.7	1	20	1	1210	9	10.8	1	40	1	1208	9							10.3	1			1210	9
45055001	ORLEANS	47.990667	1.778167	123	20220509	0.0	1	8.4	1	402	9	25.7	1	1545	9	17.6	1	17.1	1	17.3	1	3.8	9	6.6	9	0	9	1.9	1			3.3	1	20	1	953	9	8.9	1	30	1	1056	9							8.3	1			1056	9
45055001	ORLEANS	47.990667	1.778167	123	20220510	0.0	1	11.9	1	131	9	27.9	1	1435	9	20.6	1	19.9	1	16.0	1	6.1	9	8.7	9	0	9	4.0	1			8.0	1	230	1	1448	9	11.6	1	220	1	1403	9							11.3	1			1410	9
45055001	ORLEANS	47.990667	1.778167	123	20220511	0.0	1	12.4	1	433	9	25.7	1	1404	9	18.8	1	19.1	1	13.3	1	7.6	9	10.0	9	0	9	5.3	1			10.4	1	240	1	1438	9	14.2	1	240	1	1405	9							13.8	1			1432	9
45055001	ORLEANS	47.990667	1.778167	123	20220512	0.0	1	9.1	1	438	9	21.5	1	1319	9	15.7	1	15.3	1	12.4	1	3.0	9	5.5	9	0	9	2.2	1			5.1	1	350	9	2247	9	9.3	1	300	1	1511	9							8.4	1			2239	9
45055001	ORLEANS	47.990667	1.778167	123	20220513	0.0	1	7.4	1	441	9	22.0	1	1540	9	15.4	1	14.7	1	14.6	1	2.9	9	5.9	9	0	9	2.0	1			4.2	1	360	1	14	9	8.9	1	230	1	1130	9							7.9	1			1130	9
45055001	ORLEANS	47.990667	1.778167	123	20220514	0.0	1	7.8	1	415	9	24.5	1	1446	9	17.3	1	16.2	1	16.7	1	4.0	9	6.9	9	0	9	3.5	1			6.4	1	40	1	1618	9	8.9	1	100	1	1341	9							8.4	1			1341	9
45055001	ORLEANS	47.990667	1.778167	123	20220515	0.8	1	10.8	1	431	9	30.8	1	1507	9	21.3	1	20.8	1	20.0	1	10.1	9	10.4	9	0	9	4.1	1			12.0	1	220	1	1653	9	16.3	1	210	1	1646	9							15.8	1			1646	9
45055001	ORLEANS	47.990667	1.778167	123	20220516	0.0	1	15.9	1	442	9	26.6	1	1331	9	20.6	1	21.3	1	10.7	1	15.5	9	15.7	9	0	9	3.3	1			6.4	1	230	1	414	9	9.7	1	260	1	1343	9							9.0	1			1343	9
45055001	ORLEANS	47.990667	1.778167	123	20220517	0.6	1	14.8	1	446	9	29.9	1	1624	9	23.0	1	22.4	1	15.1	1	10.6	9	13.4	9	0	9	2.8	1			6.5	1	230	9	2018	9	10.7	1	230	9	2012	9							10.4	1			2015	9
45055001	ORLEANS	47.990667	1.778167	123	20220518	0.0	1	13.7	1	355	9	29.0	1	1636	9	22.0	1	21.4	1	15.3	1	8.9	9	11.5	9	0	9	3.3	1			6.7	1	70	1	1425	9	10.0	1	70	1	1417	9							9.6	1			1424	9
45055001	ORLEANS	47.990667	1.778167	123	20220519	2.4	1	20.0	1	34	9	27.6	1	1608	9	22.2	1	23.8	1	7.6	1	16.5	9	18.3	9	0	9	3.2	1			7.2	1	330	1	1020	9	12.5	1	320	1	1022	9							10.9	1			1022	9
45055001	ORLEANS	47.990667	1.778167	123	20220520	0.4	1	14.8	1	327	9	26.9	1	944	9	18.6	1	20.9	1	12.1	1	13.9	9	14.3	9	0	9	4.1	1			10.1	1	290	1	1527	9	14.1	1	290	1	1520	9							13.2	1			1520	9
45055001	ORLEANS	47.990667	1.778167	123	20220521	0.0	1	9.8	1	412	9	26.0	1	1511	9	18.3	1	17.9	1	16.2	1	4.8	9	7.8	9	0	9	2.5	1			5.4	1	20	1	1707	9	7.3	1	20	1	1705	9							7.1	1			1710	9
45055001	ORLEANS	47.990667	1.778167	123	20220522	2.6	1	12.3	1	312	9	26.2	1	1557	9	18.9	1	19.3	1	13.9	1	11.6	9	11.8	9	0	9	4.3	1			8.6	1	90	1	954	9	12.7	1	100	9	2146	9							12.2	1			2146	9
45055001	ORLEANS	47.990667	1.778167	123	20220523	8.3	1	14.8	1	1800	9	19.0	1	1233	9	16.0	1	16.9	1	4.2	1	12.5	9	13.7	9	0	9	5.2	1			9.9	1	250	1	1803	9	13.3	1	260	1	1755	9							13.0	1			1755	9
45055001	ORLEANS	47.990667	1.778167	123	20220524	0.0	1	9.4	1	430	9	18.9	1	1444	9	13.7	1	14.2	1	9.5	1	8.6	9	9.1	9	0	9	4.2	1			6.6	1	250	1	952	9	9.6	1	240	1	858	9							9.4	1			858	9
45055001	ORLEANS	47.990667	1.778167	123	20220525	0.0	1	6.7	1	352	9	21.2	1	1427	9	15.1	1	14.0	1	14.5	1	1.7	9	4.8	9	0	9	4.0	1			7.7	1	250	1	1225	9	11.6	1	230	1	1329	9							11.3	1			1329	9
45055001	ORLEANS	47.990667	1.778167	123	20220526	0.0	1	13.3	1	228	9	21.6	1	1419	9	16.9	1	17.5	1	8.3	1	12.7	9	12.7	9	0	9	3.6	1			6.5	1	300	1	1832	9	8.7	1	310	1	649	9							8.4	1			649	9
45055001	ORLEANS	47.990667	1.778167	123	20220527	0.2	1	11.3	1	236	9	21.3	1	1709	9	15.4	1	16.3	1	10.0	1	6.8	9	9.3	9	0	9	2.7	1			5.7	1	320	1	727	9	8.0	1	300	1	1653	9							7.6	1			1653	9
45055001	ORLEANS	47.990667	1.778167	123	20220528	0.0	1	6.7	1	346	9	21.3	1	1305	9	14.5	1	14.0	1	14.6	1	1.5	9	4.6	9	0	9	4.0	1			6.9	1	30	1	1547	9	9.4	1	30	1	1543	9							8.9	1			1543	9
45055001	ORLEANS	47.990667	1.778167	123	20220529	0.0	1	5.4	1	417	9	17.0	1	1320	9	11.6	1	11.2	1	11.6	1	2.9	9	4.1	9	0	9	4.8	1			7.3	1	30	1	714	9	11.3	1	10	1	1254	9							11.1	1			1254	9
45055001	ORLEANS	47.990667	1.778167	123	20220530	0.0	1	5.1	1	342	9	20.3	1	1614	9	13.1	1	12.7	1	15.2	1	2.9	9	3.9	9	0	9	3.4	1			6.0	1	50	1	630	9	9.4	1	90	1	903	9							8.4	1			1318	9
45055001	ORLEANS	47.990667	1.778167	123	20220531	0.0	1	5.7	1	405	9	23.3	1	1413	9	15.5	1	14.5	1	17.6	1	1.0	9	3.5	9	0	9	2.9	1			6.2	1	290	1	1705	9	12.6	1	310	1	1441	9							11.8	1			1441	9
45055001	ORLEANS	47.990667	1.778167	123	20220601	0.0	1	5.6	1	404	9	23.3	1	1515	9	15.9	1	14.5	1	17.7	1	-0.5	9	2.9	9	0	9	2.5	1			5.8	1	50	9	2247	9	8.8	1	340	1	1701	9							8.0	1			1710	9
45055001	ORLEANS	47.990667	1.778167	123	20220602	0.0	1	8.8	1	320	9	26.1	1	1628	9	18.0	1	17.5	1	17.3	1	8.0	9	8.2	9	0	9	5.2	1			7.6	1	40	1	1712	9	12.0	1	60	1	1412	9							11.6	1			1412	9
45055001	ORLEANS	47.990667	1.778167	123	20220603	0.0	1	12.6	1	303	9	26.5	1	1514	9	18.7	1	19.6	1	13.9	1	11.7	9	12.2	9	0	9	3.5	1			7.5	1	320	1	1126	9	9.9	1	320	1	1120	9							9.5	1			1120	9
45055001	ORLEANS	47.990667	1.778167	123	20220604	28.8	1	14.9	1	409	9	29.4	1	1212	9	19.4	1	22.2	1	14.5	1	13.0	9	13.5	9	0	9	2.6	1			17.4	1	230	1	1525	9	25.4	1	220	1	1523	9							24.1	1			1523	9
45055001	ORLEANS	47.990667	1.778167	123	20220605	0.4	1	14.6	1	249	9	22.8	1	1506	9	17.7	1	18.7	1	8.2	1	12.7	9	13.6	9	0	9	4.7	1			8.8	1	240	1	1106	9	12.0	1	240	1	1006	9							11.8	1			1010	9
45055001	ORLEANS	47.990667	1.778167	123	20220606	2.2	1	11.6	1	16	9	21.9	1	1228	9	16.9	1	16.8	1	10.3	1	10.1	9	11.0	9	0	9	3.8	1			6.8	1	220	1	1622	9	9.6	1	250	1	1014	9							9.4	1			1014	9
45055001	ORLEANS	47.990667	1.778167	123	20220607	7.5	1	13.6	1	420	9	22.7	1	1406	9	17.6	1	18.2	1	9.1	1	12.7	9	13.3	9	0	9	5.5	1			9.1	1	260	1	1253	9	13.5	1	250	1	1322	9							13.3	1			1322	9
45055001	ORLEANS	47.990667	1.778167	123	20220608	1.2	1	13.6	1	449	9	22.3	1	1500	9	17.2	1	18.0	1	8.7	1	13.4	9	13.3	9	0	9	5.3	1			9.9	1	260	1	1208	9	14.7	1	240	1	1156	9							14.2	1			1156	9
45055001	ORLEANS	47.990667	1.778167	123	20220609	0.0	1	10.9	1	324	9	21.7	1	1523	9	16.5	1	16.3	1	10.8	1	9.6	9	10.4	9	0	9	3.7	1			6.4	1	290	1	1136	9	10.4	1	230	1	1240	9							10.0	1			1146	9
45055001	ORLEANS	47.990667	1.778167	123	20220610	0.0	1	12.0	1	300	9	25.0	1	1443	9	18.3	1	18.5	1	13.0	1	8.5	9	10.3	9	0	1	2.9	1			5.6	1	210	1	954	1	8.7	1	210	1	951	9							8.4	1			951	1
45055001	ORLEANS	47.990667	1.778167	123	20220611	0.0	1	11.5	1	407	9	26.9	1	1541	9	19.9	1	19.2	1	15.4	1	7.6	9	9.6	9	0	9	2.3	1			5.6	1	350	9	2150	9	7.7	1	350	9	2224	9							7.5	1			2224	9
45055001	ORLEANS	47.990667	1.778167	123	20220612	0.0	1	12.5	1	407	9	24.8	1	1327	9	18.1	1	18.7	1	12.3	1	11.4	9	12.1	9	0	9	4.4	1			7.0	1	350	9	2011	9	10.5	1	350	9	1950	9							10.0	1			1950	9
45055001	ORLEANS	47.990667	1.778167	123	20220613	0.2	1	7.9	1	406	9	23.8	1	1443	9	16.6	1	15.9	1	15.9	1	1.6	9	4.7	9	0	9	2.9	1			4.8	1	30	1	1758	9	7.8	1	360	1	1021	9							7.2	1			1510	9
45055001	ORLEANS	47.990667	1.778167	123	20220614	0.0	1	8.9	1	323	9	27.8	1	1541	9	19.1	1	18.4	1	18.9	1	7.5	9	8.2	9	0	9	3.5	1			6.0	1	50	1	1737	9	10.9	1	90	1	1328	9							10.2	1			1328	9
45055001	ORLEANS	47.990667	1.778167	123	20220615	0.0	1	12.0	1	331	9	32.2	1	1508	9	22.9	1	22.1	1	20.2	1	9.2	9	10.7	9	0	9	3.3	1			5.6	1	320	1	1534	9	10.4	1	330	1	1541	9							10.0	1			1541	9
45055001	ORLEANS	47.990667	1.778167	123	20220616	0.0	1	13.6	1	404	9	30.4	1	1557	9	22.6	1	22.0	1	16.8	1	10.7	9	12.2	9	0	9	2.7	1			4.9	1	40	1	1226	9	9.0	1	30	1	1128	9							8.7	1			1128	9
45055001	ORLEANS	47.990667	1.778167	123	20220617	0.0	1	14.5	1	300	9	35.2	1	1625	9	25.8	1	24.9	1	20.7	1	11.0	9	13.0	9	0	9	1.9	1			4.0	1	110	1	618	9	7.1	1	130	1	1008	9							6.7	1			1010	9
45055001	ORLEANS	47.990667	1.778167	123	20220618	0.2	1	17.7	1	349	9	37.9	1	1410	9	29.3	1	27.8	1	20.2	1	13.5	9	16.0	9	0	9	3.4	1			7.0	1	260	9	2348	9	11.1	1	280	9	2339	9							10.8	1			1438	9
45055001	ORLEANS	47.990667	1.778167	123	20220619	6.4	1	15.3	1	411	9	30.7	1	1335	9	22.2	1	23.0	1	15.4	1	14.8	9	14.6	9	0	9	5.4	1			11.1	1	30	1	417	9	15.3	1	10	1	409	9							14.7	1			410	9
45055001	ORLEANS	47.990667	1.778167	123	20220620	12.0	1	17.8	1	125	9	23.6	1	1623	9	19.5	1	20.7	1	5.8	1	16.8	9	17.6	9	0	9	4.8	1			7.5	1	20	1	1030	9	9.9	1	20	1	1028	9							9.4	1			1028	9
45055001	ORLEANS	47.990667	1.778167	123	20220621	0.0	1	13.9	1	409	9	26.8	1	1702	9	19.8	1	20.4	1	12.9	1	13.4	9	13.7	9	0	9	3.0	1			5.4	1	50	1	216	9	10.2	1	230	1	108	9							9.8	1			110	9
45055001	ORLEANS	47.990667	1.778167	123	20220622	2.0	1	16.5	1	421	9	26.7	1	1041	9	20.8	1	21.6	1	10.2	1	16.0	9	16.3	9	0	9	3.5	1			6.4	1	80	1	1222	9	9.6	1	80	1	1214	9							9.1	1			1214	9
45055001	ORLEANS	47.990667	1.778167	123	20220623	0.0	1	16.9	1	248	9	27.2	1	1405	9	21.4	1	22.1	1	10.3	1	16.6	9	16.9	9	0	9	3.6	1			5.6	1	240	1	51	9	8.0	1	230	1	1317	9							7.7	1			1317	9
45055001	ORLEANS	47.990667	1.778167	123	20220624	2.6	1	15.7	1	326	9	23.7	1	1505	9	19.3	1	19.7	1	8.0	1	14.5	9	15.2	9	0	9	5.7	1			10.5	1	240	1	1701	9	15.4	1	240	1	1508	9							15.0	1			1510	9
45055001	ORLEANS	47.990667	1.778167	123	20220625	10.1	1	14.9	1	235	9	16.7	1	1259	9	15.6	1	15.8	1	1.8	1	14.6	9	14.5	9	0	9	2.5	1			6.7	1	200	1	132	9	9.5	1	220	1	125	9							9.2	1			125	9
45055001	ORLEANS	47.990667	1.778167	123	20220626	1.0	1	11.5	1	339	9	21.5	1	1233	9	15.8	1	16.5	1	10.0	1	10.4	9	11.0	9	0	9	2.2	1			5.0	1	150	1	1440	9	7.1	1	160	1	1436	9							6.8	1			1436	9
45055001	ORLEANS	47.990667	1.778167	123	20220627	0.0	1	11.7	1	122	9	23.6	1	1318	9	17.4	1	17.7	1	11.9	1	8.0	9	10.0	9	0	9	3.6	1			7.9	1	250	1	1147	9	12.2	1	260	1	1624	9							11.9	1			1624	9
45055001	ORLEANS	47.990667	1.778167	123	20220628	0.0	1	9.0	1	405	9	25.9	1	1546	9	18.8	1	17.5	1	16.9	1	4.5	9	6.8	9	0	9	2.1	1			4.9	1	180	1	1513	9	8.6	1	200	1	1126	9							7.9	1			1146	9
45055001	ORLEANS	47.990667	1.778167	123	20220629	1.8	1	11.0	1	340	9	25.9	1	1437	9	18.2	1	18.5	1	14.9	1	5.1	9	7.9	9	0	9	3.6	1			9.0	1	280	1	1737	9	11.7	1	290	1	1728	9							11.5	1			1728	9
45055001	ORLEANS	47.990667	1.778167	123	20220630	10.7	1	12.5	1	2310	9	18.3	1	1522	9	14.3	1	15.4	1	5.8	1	10.3	9	11.4	9	0	9	2.5	1			6.7	1	170	1	1541	9	9.7	1	160	1	1546	9							9.3	1			1546	9
45055001	ORLEANS	47.990667	1.778167	123	20220701	0.2	1	8.7	1	415	9	22.3	1	1400	9	15.7	1	15.5	1	13.6	1	5.2	9	7.4	9	0	9	2.6	1			5.1	1	230	1	1138	9	8.3	1	250	1	1223	9							8.0	1			1224	9
45055001	ORLEANS	47.990667	1.778167	123	20220702	0.0	1	8.9	1	338	9	26.4	1	1438	9	19.1	1	17.7	1	17.5	1	4.7	9	6.9	9	0	9	2.1	1			4.0	1	180	1	1840	9	7.5	1	210	1	1613	9							7.4	1			1613	9
45055001	ORLEANS	47.990667	1.778167	123	20220703	0.0	1	10.9	1	410	9	25.4	1	1458	9	18.6	1	18.2	1	14.5	1	8.9	9	9.9	9	0	9	3.5	1			6.1	1	10	1	700	9	8.4	1	280	1	1242	9							8.3	1			1433	9
45055001	ORLEANS	47.990667	1.778167	123	20220704	0.0	1	9.7	1	419	9	26.7	1	1703	9	19.1	1	18.2	1	17.0	1	5.6	9	8.4	9	0	9	3.1	1			6.7	1	360	9	2028	9	9.3	1	360	9	2021	9							8.9	1			2022	9
45055001	ORLEANS	47.990667	1.778167	123	20220705	0.0	1	10.4	1	425	9	26.7	1	1527	9	19.0	1	18.6	1	16.3	1	8.5	9	9.6	9	0	9	3.7	1			6.1	1	360	9	2156	9	9.1	1	330	1	1424	9							8.6	1			2156	9
45055001	ORLEANS	47.990667	1.778167	123	20220706	0.0	1	10.9	1	403	9	26.7	1	1626	9	19.5	1	18.8	1	15.8	1	9.3	9	10.3	9	0	9	4.1	1			6.4	1	340	1	1450	9	11.2	1	10	1	747	9							10.2	1			747	9
45055001	ORLEANS	47.990667	1.778167	123	20220707	0.2	1	11.9	1	343	9	24.8	1	1510	9	18.8	1	18.4	1	12.9	1	8.5	9	10.4	9	0	9	4.7	1			7.9	1	340	1	1351	9	15.0	1	340	1	1156	9							11.7	1			1156	9
45055001	ORLEANS	47.990667	1.778167	123	20220708	0.0	1	10.2	1	422	9	27.3	1	1551	9	19.2	1	18.8	1	17.1	1	8.5	9	9.7	9	0	9	4.0	1			6.8	1	40	1	1625	9	12.8	1	30	1	1418	9							12.1	1			1418	9
45055001	ORLEANS	47.990667	1.778167	123	20220709	0.0	1	12.1	1	417	9	29.6	1	1600	9	22.1	1	20.9	1	17.5	1	8.6	9	10.6	9	0	9	3.9	1			7.1	1	20	9	2103	9	11.9	1	70	1	1004	9							11.2	1			1010	9
45055001	ORLEANS	47.990667	1.778167	123	20220710	0.0	1	12.0	1	340	9	27.3	1	1557	9	20.1	1	19.7	1	15.3	1	6.9	9	10.0	9	0	9	5.2	1			7.5	1	60	1	1207	9	14.4	1	40	1	1551	9							13.9	1			1551	9
45055001	ORLEANS	47.990667	1.778167	123	20220711	0.0	1	12.2	1	341	9	29.8	1	1451	9	22.0	1	21.0	1	17.6	1	10.4	9	11.4	9	0	9	4.7	1			8.7	1	60	1	1320	9	12.9	1	80	1	1342	9							11.9	1			1343	9
45055001	ORLEANS	47.990667	1.778167	123	20220712	0.0	1	14.2	1	351	9	32.6	1	1610	9	24.5	1	23.4	1	18.4	1	10.0	9	12.7	9	0	9	2.3	1			4.7	1	60	1	1106	9	7.8	1	60	1	1004	9							7.5	1			1217	9
45055001	ORLEANS	47.990667	1.778167	123	20220713	0.0	1	15.5	1	255	9	35.5	1	1619	9	26.6	1	25.5	1	20.0	1	11.3	9	14.2	9	0	9	1.8	1			5.4	1	330	9	2133	9	8.8	1	330	9	2129	9							8.4	1			2129	9
45055001	ORLEANS	47.990667	1.778167	123	20220714	0.0	1	16.5	1	326	9	32.7	1	1340	9	24.4	1	24.6	1	16.2	1	11.3	9	14.1	9	0	9	4.0	1			8.3	1	340	1	1725	9	11.3	1	330	1	1404	9							10.9	1			1410	9
45055001	ORLEANS	47.990667	1.778167	123	20220715	0.0	1	13.5	1	313	9	27.9	1	1553	9	20.8	1	20.7	1	14.4	1	10.8	9	12.2	9	0	9	4.4	1			8.7	1	50	1	718	9	13.4	1	50	1	815	9							12.6	1			814	9
45055001	ORLEANS	47.990667	1.778167	123	20220716	0.0	1	11.9	1	312	9	29.0	1	1548	9	21.1	1	20.5	1	17.1	1	9.1	9	10.6	9	0	9	4.2	1			7.1	1	40	1	1053	9	10.8	1	40	1	1052	9							10.5	1			1052	9
45055001	ORLEANS	47.990667	1.778167	123	20220717	0.0	1	12.8	1	423	9	31.6	1	1537	9	23.1	1	22.2	1	18.8	1	10.8	9	12.0	9	0	9	4.2	1			7.3	1	50	1	1428	9	12.5	1	50	1	1134	9							11.4	1			1134	9
45055001	ORLEANS	47.990667	1.778167	123	20220718	0.0	1	14.8	1	436	9	38.2	1	1541	9	28.0	1	26.5	1	23.4	1	12.8	9	14.3	9	0	9	3.2	1			5.6	1	80	1	1733	9	10.6	1	120	1	1419	9							10.4	1			1419	9
45055001	ORLEANS	47.990667	1.778167	123	20220719	7.7	1	17.5	1	409	9	37.6	1	1254	9	28.2	1	27.6	1	20.1	1	14.0	9	16.2	9	0	9	5.0	1			11.5	1	240	1	1653	9	16.7	1	240	1	1606	9							16.1	1			1610	9
45055001	ORLEANS	47.990667	1.778167	123	20220720	15.5	1	17.4	1	429	9	24.3	1	1625	9	19.7	1	20.9	1	6.9	1	16.8	9	16.7	9	0	9	3.4	1			7.5	1	240	1	114	9	12.8	1	220	1	1358	9							12.2	1			1358	9
45055001	ORLEANS	47.990667	1.778167	123	20220721	0.0	1	15.7	1	317	9	28.2	1	1638	9	21.8	1	22.0	1	12.5	1	13.4	9	14.7	9	0	9	1.8	1			3.8	1	60	1	2143	1	6.2	1	50	1	2109	9							6.0	1			2110	1
45055001	ORLEANS	47.990667	1.778167	123	20220722	0.2	1	15.7	1	350	9	26.4	1	1550	9	21.1	1	21.1	1	10.7	1	14.8	9	15.3	9	0	9	3.4	1			6.4	1	70	1	1009	9	8.6	1	320	1	1555	9							8.2	1			1555	9
45055001	ORLEANS	47.990667	1.778167	123	20220723	0.0	1	18.4	1	530	9	28.1	1	1619	9	22.6	1	23.3	1	9.7	1	17.3	9	18.1	9	0	9	2.5	1			4.5	1	330	1	520	9	8.6	1	330	1	757	9							8.2	1			757	9
45055001	ORLEANS	47.990667	1.778167	123	20220724	0.0	1	14.5	1	326	9	32.3	1	1554	9	25.0	1	23.4	1	17.8	1	10.0	9	12.4	9	0	9	2.3	1			5.2	1	200	1	1433	9	8.3	1	200	1	1427	9							8.1	1			1427	9
45055001	ORLEANS	47.990667	1.778167	123	20220725	0.0	1	18.1	1	507	9	27.5	1	1635	9	21.8	1	22.8	1	9.4	1	16.8	9	17.7	9	0	9	5.3	1			10.3	1	240	1	1434	9	14.8	1	240	1	1427	9							14.3	1			1427	9
45055001	ORLEANS	47.990667	1.778167	123	20220726	0.0	1	16.0	1	2317	9	24.6	1	1341	9	20.1	1	20.3	1	8.6	1	12.4	9	14.2	9	0	9	3.2	1			5.7	1	340	1	1718	9	9.8	1	330	1	1100	9							9.4	1			1100	9
45055001	ORLEANS	47.990667	1.778167	123	20220727	0.0	1	12.7	1	454	9	26.1	1	1511	9	19.6	1	19.4	1	13.4	1	12.0	9	12.6	9	0	9	2.6	1			4.6	1	60	9	2303	9	9.7	1	30	1	1822	9							9.1	1			1822	9
45055001	ORLEANS	47.990667	1.778167	123	20220728	0.0	1	12.0	1	424	9	27.7	1	1526	9	20.5	1	19.9	1	15.7	1	7.5	9	9.9	9	0	9	2.5	1			4.7	1	10	1	1336	9	9.6	1	20	1	1507	9							8.8	1			1510	9
45055001	ORLEANS	47.990667	1.778167	123	20220729	0.0	1	14.4	1	459	9	29.7	1	1531	9	22.7	1	22.1	1	15.3	1	11.7	9	13.8	9	0	9	2.1	1			4.1	1	260	1	1530	9	10.8	1	260	1	1526	9							10.5	1			1526	9
45055001	ORLEANS	47.990667	1.778167	123	20220730	0.0	1	14.8	1	451	9	31.2	1	1445	9	24.0	1	23.0	1	16.4	1	10.0	9	12.7	9	0	9	2.4	1			5.4	1	270	1	1632	9	8.0	1	240	1	1300	9							7.8	1			1300	9
45055001	ORLEANS	47.990667	1.778167	123	20220731	0.0	1	15.0	1	442	9	30.6	1	1527	9	23.1	1	22.8	1	15.6	1	11.7	9	13.9	9	0	9	3.5	1			6.2	1	300	1	1346	9	10.3	1	310	1	1341	9							9.9	1			1341	9
45055001	ORLEANS	47.990667	1.778167	123	20220801	0.0	1	14.8	1	443	9	27.9	1	1604	9	21.4	1	21.4	1	13.1	1	10.7	9	13.0	9	0	9	2.7	1			4.8	1	280	1	1003	9	7.8	1	310	1	943	9							7.4	1			943	9
45055001	ORLEANS	47.990667	1.778167	123	20220802	0.0	1	14.3	1	438	9	31.8	1	1524	9	23.8	1	23.1	1	17.5	1	10.4	9	13.0	9	0	9	2.0	1			3.9	1	360	1	11	9	8.3	1	330	1	1251	9							8.0	1			1251	9
45055001	ORLEANS	47.990667	1.778167	123	20220803	0.0	1	16.3	1	433	9	35.9	1	1539	9	27.1	1	26.1	1	19.6	1	12.1	9	14.9	9	0	9	2.0	1			4.1	1	350	9	2250	9	7.2	1	340	9	2204	9							7.2	1			2210	9
45055001	ORLEANS	47.990667	1.778167	123	20220804	3.7	1	20.1	1	509	9	29.6	1	1323	9	22.9	1	24.9	1	9.5	1	18.6	9	18.8	9	0	9	4.5	1			8.8	1	320	9	2244	9	13.1	1	310	9	2238	9							12.6	1			2239	9
45055001	ORLEANS	47.990667	1.778167	123	20220805	0.0	1	15.3	1	443	9	27.2	1	1512	9	20.2	1	21.3	1	11.9	1	14.4	9	15.0	9	0	9	4.7	1			8.2	1	360	1	1625	9	16.7	1	340	1	1439	9							14.5	1			1439	9
45055001	ORLEANS	47.990667	1.778167	123	20220806	0.0	1	11.8	1	449	9	25.5	1	1456	9	19.0	1	18.7	1	13.7	1	9.7	9	11.1	9	0	9	6.1	1			9.2	1	30	1	1406	9	14.9	1	350	1	1401	9							14.1	1			1410	9
45055001	ORLEANS	47.990667	1.778167	123	20220807	0.0	1	12.4	1	338	9	27.6	1	1503	9	20.5	1	20.0	1	15.2	1	9.5	9	11.2	9	0	9	5.7	1			8.6	1	20	1	1647	9	13.5	1	40	1	937	9							13.0	1			937	9
45055001	ORLEANS	47.990667	1.778167	123	20220808	0.0	1	13.1	1	418	9	29.7	1	1527	9	21.8	1	21.4	1	16.6	1	7.0	9	10.8	9	0	9	5.5	1			8.2	1	40	1	754	9	14.2	1	50	1	1503	9							13.2	1			1510	9
45055001	ORLEANS	47.990667	1.778167	123	20220809	0.0	1	15.3	1	424	9	31.6	1	1456	9	23.6	1	23.5	1	16.3	1	12.5	9	14.3	9	0	9	5.6	1			8.7	1	30	1	1532	9	14.9	1	20	1	1111	9							13.7	1			1111	9
45055001	ORLEANS	47.990667	1.778167	123	20220810	0.0	1	16.9	1	447	9	32.3	1	1451	9	24.6	1	24.6	1	15.4	1	14.7	9	15.9	9	0	9	5.4	1			9.6	1	50	1	1456	9	17.1	1	40	1	1223	9							15.7	1			1223	9
45055001	ORLEANS	47.990667	1.778167	123	20220811	0.0	1	14.8	1	526	9	32.0	1	1405	9	24.2	1	23.4	1	17.2	1	12.6	9	13.9	9	0	9	4.7	1			10.4	1	60	1	1024	9	14.4	1	60	1	1023	9							14.0	1			1248	9
45055001	ORLEANS	47.990667	1.778167	123	20220812	0.0	1	14.6	1	453	9	34.0	1	1447	9	24.7	1	24.3	1	19.4	1	9.3	9	13.3	9	0	9	3.9	1			7.0	1	40	1	1754	9	11.2	1	30	1	1618	9							10.5	1			1618	9
45055001	ORLEANS	47.990667	1.778167	123	20220813	0.0	1	13.9	1	402	9	33.8	1	1514	9	24.8	1	23.9	1	19.9	1	11.2	9	13.0	9	0	9	3.7	1			6.4	1	90	1	1121	9	9.8	1	80	1	1103	9							9.5	1			1115	9
45055001	ORLEANS	47.990667	1.778167	123	20220814	0.2	1	17.4	1	150	9	27.4	1	1551	9	22.3	1	22.4	1	10.0	1	16.1	9	16.8	9	0	9	4.0	1			8.7	1	220	1	1747	9	12.6	1	220	1	1718	9							12.2	1			1718	9
45055001	ORLEANS	47.990667	1.778167	123	20220815	0.2	1	16.2	1	59	9	26.1	1	1633	9	20.9	1	21.2	1	9.9	1	13.9	9	15.3	9	0	9	5.2	1			10.3	1	240	1	1113	9	13.7	1	230	1	1055	9							13.4	1			1055	9
45055001	ORLEANS	47.990667	1.778167	123	20220816	3.7	1	16.9	1	409	9	28.1	1	1328	9	20.8	1	22.5	1	11.2	1	13.7	9	15.9	9	0	9	2.2	1			13.0	1	230	1	1525	9	18.5	1	230	1	1518	9							17.9	1			1518	9
45055001	ORLEANS	47.990667	1.778167	123	20220817	0.0	1	16.7	1	256	9	27.0	1	1223	9	20.6	1	21.9	1	10.3	1	13.4	9	15.7	9	0	9	3.2	1			9.4	1	260	1	1427	9	12.5	1	260	1	1419	9							12.2	1			1420	9
45055001	ORLEANS	47.990667	1.778167	123	20220818	0.0	1	13.2	1	321	9	28.7	1	1646	9	20.8	1	21.0	1	15.5	1	9.2	9	11.6	9	0	9	2.8	1			6.9	1	290	1	1644	9	9.9	1	290	1	1637	9							9.7	1			1637	9
45055001	ORLEANS	47.990667	1.778167	123	20220819	0.8	1	14.5	1	222	9	26.3	1	1305	9	20.0	1	20.4	1	11.8	1	9.8	9	12.8	9	0	9	3.9	1			10.4	1	270	1	1619	9	14.2	1	270	1	1611	9							13.8	1			1612	9
45055001	ORLEANS	47.990667	1.778167	123	20220820	0.0	1	11.0	1	502	9	26.2	1	1536	9	18.6	1	18.6	1	15.2	1	8.0	9	9.4	9	0	9	2.1	1			4.2	1	270	1	1115	9	7.5	1	270	1	1154	9							7.3	1			1154	9
45055001	ORLEANS	47.990667	1.778167	123	20220821	0.2	1	10.8	1	406	9	25.8	1	1433	9	19.2	1	18.3	1	15.0	1	7.4	9	9.8	9	0	9	3.6	1			6.8	1	220	1	1211	9	14.1	1	260	1	1437	9							14.0	1			1437	9
45055001	ORLEANS	47.990667	1.778167	123	20220822	0.0	1	16.9	1	417	9	26.1	1	1457	9	20.7	1	21.5	1	9.2	1	16.3	9	16.6	9	0	9	2.0	1			3.9	1	270	1	1448	9	6.7	1	220	1	1105	9							6.4	1			1110	9
45055001	ORLEANS	47.990667	1.778167	123	20220823	0.0	1	15.7	1	500	9	28.8	1	1415	9	22.2	1	22.3	1	13.1	1	11.5	9	14.3	9	0	9	2.2	1			4.5	1	250	1	1507	9	7.5	1	270	1	942	9							6.9	1			942	9
45055001	ORLEANS	47.990667	1.778167	123	20220824	0.0	1	16.1	1	412	9	33.5	1	1611	9	25.0	1	24.8	1	17.4	1	11.8	9	14.5	9	0	9	2.0	1			5.3	1	100	1	1448	9	8.5	1	100	1	1239	9							8.1	1			1239	9
45055001	ORLEANS	47.990667	1.778167	123	20220825	0.0	1	15.2	1	431	9	31.8	1	1251	9	23.3	1	23.5	1	16.6	1	10.5	9	13.3	9	0	9	4.5	1			8.7	1	310	1	1643	9	11.8	1	330	1	1850	9							11.2	1			1226	9
45055001	ORLEANS	47.990667	1.778167	123	20220826	0.0	1	16.0	1	310	9	27.6	1	1539	9	20.5	1	21.8	1	11.6	1	14.5	9	15.4	9	0	9	3.8	1			5.9	1	350	1	39	9	10.5	1	330	1	1459	9							9.8	1			1459	9
45055001	ORLEANS	47.990667	1.778167	123	20220827	0.0	1	14.0	1	423	9	27.0	1	1410	9	20.1	1	20.5	1	13.0	1	12.3	9	13.3	9	0	9	3.7	1			6.9	1	10	1	1223	9	10.8	1	20	1	1309	9							10.4	1			1310	9
45055001	ORLEANS	47.990667	1.778167	123	20220828	0.0	1	11.8	1	507	9	27.7	1	1518	9	20.4	1	19.8	1	15.9	1	8.8	9	10.4	9	0	9	4.3	1			7.1	1	30	1	807	9	12.8	1	70	1	1239	9							12.0	1			1239	9
45055001	ORLEANS	47.990667	1.778167	123	20220829	3.0	1	15.5	1	514	9	31.7	1	1438	9	23.4	1	23.6	1	16.2	1	14.3	9	15.0	9	0	9	4.7	1			7.6	1	20	1	1815	1	11.6	1	60	1	1210	9							10.9	1			1210	1
45055001	ORLEANS	47.990667	1.778167	123	20220830	0.0	1	16.1	1	537	9	27.2	1	1621	9	20.2	1	21.7	1	11.1	1	15.0	9	15.2	9	0	9	2.3	1			7.2	1	40	1	231	9	9.6	1	50	1	250	9							9.2	1			250	9
45055001	ORLEANS	47.990667	1.778167	123	20220831	0.0	1	13.2	1	446	9	28.5	1	1337	9	20.8	1	20.9	1	15.3	1	9.9	9	11.5	9	0	9	2.4	1			6.0	1	340	1	1411	9	10.4	1	340	1	1325	9							9.8	1			1325	9
45055001	ORLEANS	47.990667	1.778167	123	20220901	0.0	1	13.6	1	520	9	30.0	1	1541	9	22.0	1	21.8	1	16.4	1	10.1	9	12.0	9	0	9	2.1	1			5.5	1	230	9	0	9	11.7	1	210	9	2352	9							11.4	1			2352	9
45055001	ORLEANS	47.990667	1.778167	123	20220902	16.0	1	16.0	1	829	9	24.5	1	1505	9	19.0	1	20.3	1	8.5	1	14.6	9	15.7	9	0	9	3.2	1			6.5	1	180	1	1542	9	10.8	1	250	1	556	9							10.4	1			556	9
45055001	ORLEANS	47.990667	1.778167	123	20220903	0.0	1	15.2	1	400	9	25.5	1	1448	9	19.8	1	20.4	1	10.3	1	13.8	9	14.6	9	0	9	4.3	1			8.4	1	230	1	1055	9	11.2	1	220	1	1237	9							11.0	1			1243	9
45055001	ORLEANS	47.990667	1.778167	123	20220904	3.4	1	13.5	1	533	9	30.4	1	1417	9	22.1	1	22.0	1	16.9	1	10.0	9	11.7	9	0	9	3.2	1			14.5	1	260	9	2032	9	23.1	1	260	1	2025	9							22.3	1			2025	9
45055001	ORLEANS	47.990667	1.778167	123	20220905	11.1	1	15.3	1	505	9	30.2	1	1420	9	21.3	1	22.8	1	14.9	1	11.8	9	13.5	9	0	9	3.1	1			7.9	1	210	1	1509	9	13.8	1	170	1	1504	9							13.3	1			1510	9
45055001	ORLEANS	47.990667	1.778167	123	20220906	0.0	1	14.0	1	517	9	28.4	1	1509	9	21.1	1	21.2	1	14.4	1	10.5	9	12.4	9	0	9	2.4	1			7.1	1	280	1	1836	9	10.4	1	290	1	1833	9							10.2	1			1833	9
45055001	ORLEANS	47.990667	1.778167	123	20220907	1.8	1	15.0	1	435	9	21.4	1	1016	9	17.0	1	18.2	1	6.4	1	13.5	9	14.6	9	0	9	4.0	1			9.2	1	240	9	1904	9	12.8	1	250	1	1857	9							12.4	1			1857	9
45055001	ORLEANS	47.990667	1.778167	123	20220908	0.0	1	14.4	1	2229	9	22.8	1	1235	9	17.9	1	18.6	1	8.4	1	13.4	9	14.0	9	0	9	6.8	1			10.5	1	220	1	1521	9	14.6	1	220	1	1602	9							14.1	1			1610	9
45055001	ORLEANS	47.990667	1.778167	123	20220909	0.0	1	14.8	1	254	9	22.6	1	1509	9	17.5	1	18.7	1	7.8	1	13.9	9	14.4	9	0	9	7.3	1			10.9	1	250	1	1325	9	15.2	1	250	1	1320	9							14.6	1			1320	9
45055001	ORLEANS	47.990667	1.778167	123	20220910	0.0	1	12.4	1	551	9	21.6	1	1538	9	16.3	1	17.0	1	9.2	1	11.7	9	12.3	9	0	9	3.8	1			7.3	1	240	1	825	9	9.3	1	240	1	817	9							9.1	1			817	9
45055001	ORLEANS	47.990667	1.778167	123	20220911	0.0	1	10.4	1	505	9	25.2	1	1421	9	18.3	1	17.8	1	14.8	1	7.4	9	9.1	9	0	9	2.3	1			4.9	1	90	1	1735	9	6.9	1	70	1	1606	9							6.7	1			1610	9
45055001	ORLEANS	47.990667	1.778167	123	20220912	0.0	1	11.8	1	534	9	30.5	1	1543	9	21.5	1	21.2	1	18.7	1	10.7	9	11.3	9	0	9	3.2	1			5.8	1	90	1	1014	9	8.5	1	80	1	1012	9							8.3	1			1012	9
45055001	ORLEANS	47.990667	1.778167	123	20220913	0.8	1	18.0	1	539	9	28.5	1	1348	9	22.1	1	23.3	1	10.5	1	17.0	9	17.5	9	0	9	2.8	1			7.0	1	230	9	2159	9	10.0	1	230	9	2152	9							9.7	1			2151	9
45055001	ORLEANS	47.990667	1.778167	123	20220914	0.0	1	17.7	1	517	9	26.1	1	1231	9	20.5	1	21.9	1	8.4	1	14.0	9	16.0	9	0	9	3.8	1			8.3	1	250	1	1244	9	11.3	1	230	1	1222	9							10.9	1			1222	9
45055001	ORLEANS	47.990667	1.778167	123	20220915	0.0	1	15.6	1	658	9	23.1	1	1500	9	18.1	1	19.4	1	7.5	1	15.4	9	16.1	9	0	9	4.0	1			6.4	1	350	1	1052	9	9.2	1	360	1	1054	9							9.0	1			1054	9
45055001	ORLEANS	47.990667	1.778167	123	20220916	0.0	1	11.9	1	521	9	19.9	1	1431	9	14.4	1	15.9	1	8.0	1	9.9	9	10.8	9	0	9	3.8	1			9.0	1	350	1	1520	9	12.0	1	350	1	1511	9							11.6	1			1511	9
45055001	ORLEANS	47.990667	1.778167	123	20220917	0.0	1	5.8	1	509	9	17.9	1	1442	9	11.5	1	11.9	1	12.1	1	0.8	9	3.4	9	0	9	4.0	1			6.6	1	350	1	936	9	9.9	1	360	1	1236	9							9.6	1			1236	9
45055001	ORLEANS	47.990667	1.778167	123	20220918	0.0	1	3.6	1	429	9	20.4	1	1520	9	12.4	1	12.0	1	16.8	1	-1.5	9	1.2	9	0	9	2.8	1			5.9	1	320	1	1634	9	9.9	1	280	1	1106	9							9.5	1			1110	9
45055001	ORLEANS	47.990667	1.778167	123	20220919	0.0	1	6.4	1	242	9	19.7	1	1420	9	12.9	1	13.1	1	13.3	1	0.8	9	3.9	9	0	9	3.6	1			6.4	1	10	1	1607	9	11.0	1	50	1	1035	9							10.5	1			1035	9
45055001	ORLEANS	47.990667	1.778167	123	20220920	0.0	1	5.8	1	435	9	19.1	1	1245	9	12.6	1	12.5	1	13.3	1	2.7	9	4.2	9	0	9	3.1	1			6.1	1	10	1	1427	9	9.7	1	350	1	1219	9							9.2	1			1219	9
45055001	ORLEANS	47.990667	1.778167	123	20220921	0.0	1	7.4	1	535	9	20.1	1	1454	9	13.2	1	13.8	1	12.7	1	4.7	9	6.1	9	0	9	3.5	1			6.3	1	40	1	1236	9	9.4	1	20	1	1349	9							9.0	1			1212	9
45055001	ORLEANS	47.990667	1.778167	123	20220922	0.0	1	4.9	1	453	9	22.2	1	1514	9	13.4	1	13.6	1	17.3	1	0.6	9	3.5	9	0	9	2.0	1			4.0	1	60	1	946	9	9.2	1	60	1	1059	9							8.6	1			1059	9
45055001	ORLEANS	47.990667	1.778167	123	20220923	0.0	1	7.5	1	500	9	22.3	1	1421	9	14.7	1	14.9	1	14.8	1	4.0	9	6.4	9	0	9	1.3	1			4.7	1	310	9	2105	9	6.5	1	300	9	2100	9							6.2	1			2110	9
45055001	ORLEANS	47.990667	1.778167	123	20220924	0.0	1	12.1	1	411	9	18.8	1	1404	9	14.3	1	15.5	1	6.7	1	10.9	9	11.3	9	0	9	2.5	1			5.4	1	10	1	1749	9	7.5	1	360	1	1741	9							7.3	1			1741	9
45055001	ORLEANS	47.990667	1.778167	123	20220925	0.0	1	11.1	1	148	9	19.5	1	1346	9	14.0	1	15.3	1	8.4	1	9.7	9	10.2	9	0	9	4.0	1			6.6	1	30	1	1122	9	12.3	1	360	1	1433	9							10.6	1			1433	9
45055001	ORLEANS	47.990667	1.778167	123	20220926	6.0	1	9.5	1	2342	9	16.1	1	1017	9	12.0	1	12.8	1	6.6	1	6.2	9	7.9	9	0	9	6.0	1			12.5	1	220	1	1158	9	17.4	1	230	1	1152	9							16.8	1			1152	9
45055001	ORLEANS	47.990667	1.778167	123	20220927	12.0	1	9.2	1	345	9	16.6	1	1238	9	12.5	1	12.9	1	7.4	1	8.4	9	8.9	9	0	9	6.4	1			11.1	1	250	1	1353	9	18.6	1	250	1	1348	9							17.9	1			1348	9
45055001	ORLEANS	47.990667	1.778167	123	20220928	4.8	1	11.2	1	526	9	14.6	1	1245	9	11.9	1	12.9	1	3.4	1	10.7	9	10.4	9	0	9	3.0	1			5.7	1	280	1	5	9	8.4	1	270	1	57	9							8.1	1			57	9
45055001	ORLEANS	47.990667	1.778167	123	20220929	0.8	1	9.4	1	47	9	14.7	1	1617	9	10.3	1	12.1	1	5.3	1	8.6	9	9.0	9	0	9	2.0	1			4.0	1	350	1	1659	9	5.3	1	210	1	248	9							5.2	1			1653	9
45055001	ORLEANS	47.990667	1.778167	123	20220930	0.8	1	2.6	1	346	9	17.5	1	1352	9	11.3	1	10.1	1	14.9	1	-0.3	9	0.8	9	0	9	3.6	1			9.0	1	190	9	2325	9	13.3	1	200	9	2352	9							12.8	1			2352	9
45055001	ORLEANS	47.990667	1.778167	123	20221001	3.8	1	12.2	1	2145	9	21.2	1	1449	9	16.3	1	16.7	1	9.0	1	10.9	9	10.8	9	0	9	6.8	1			11.6	1	210	1	350	9	16.7	1	200	1	39	9							16.1	1			26	9
45055001	ORLEANS	47.990667	1.778167	123	20221002	0.0	1	15.0	1	1902	9	21.9	1	1412	9	17.2	1	18.5	1	6.9	1	12.5	9	13.3	9	0	9	6.1	1			10.3	1	240	1	1330	9	14.1	1	240	1	1321	9							13.6	1			1321	9
45055001	ORLEANS	47.990667	1.778167	123	20221003	0.0	1	11.7	1	730	9	17.7	1	1225	9	13.0	1	14.7	1	6.0	1	11.4	9	11.9	9	0	9	3.1	1			5.8	1	40	1	1408	9	8.2	1	50	1	1359	9							7.7	1			1359	9
45055001	ORLEANS	47.990667	1.778167	123	20221004	0.0	1	4.6	1	450	9	19.7	1	1431	9	12.4	1	12.2	1	15.1	1	1.9	9	3.7	9	0	9	1.9	1			4.8	1	220	1	1207	9	7.0	1	230	1	1214	9							6.6	1			1214	9
45055001	ORLEANS	47.990667	1.778167	123	20221005	0.0	1	10.4	1	512	9	21.9	1	1510	9	15.7	1	16.2	1	11.5	1	9.0	9	9.9	9	0	9	5.3	1			10.9	1	220	1	1120	9	14.7	1	220	1	1123	9							14.6	1			1123	9
45055001	ORLEANS	47.990667	1.778167	123	20221006	0.0	1	7.2	1	559	9	19.3	1	1549	9	12.7	1	13.3	1	12.1	1	0.6	9	3.4	9	0	9	1.3	1			5.0	1	310	1	1	9	5.9	1	310	1	1	9							5.7	1			10	9
45055001	ORLEANS	47.990667	1.778167	123	20221007	0.0	1	3.6	1	609	9	20.1	1	1445	9	11.2	1	11.9	1	16.5	1	-1.9	9	0.7	9	0	9	1.7	1			4.5	1	280	1	1546	9	5.6	1	290	1	1541	9							5.5	1			1539	9
45055001	ORLEANS	47.990667	1.778167	123	20221008	0.0	1	5.6	1	205	9	18.8	1	1348	9	11.5	1	12.2	1	13.2	1	0.0	9	2.8	9	0	9	2.4	1			5.1	1	30	1	1405	9	10.1	1	40	1	1356	9							9.8	1			1356	9
45055001	ORLEANS	47.990667	1.778167	123	20221009	0.0	1	3.0	1	542	9	20.5	1	1449	9	12.1	1	11.8	1	17.5	1	-0.3	9	1.8	9	0	9	2.5	1			5.4	1	120	1	1114	9	8.2	1	100	1	1109	9							8.1	1			1110	9
45055001	ORLEANS	47.990667	1.778167	123	20221010	0.0	1	11.4	1	2030	9	20.5	1	1225	9	15.0	1	16.0	1	9.1	1	6.9	9	9.6	9	0	9	4.0	1			6.1	1	270	1	1237	9	8.2	1	240	1	1141	9							8.0	1			1141	9
45055001	ORLEANS	47.990667	1.778167	123	20221011	0.0	1	11.5	1	443	9	18.3	1	1456	9	14.3	1	14.9	1	6.8	1	10.1	9	11.5	9	0	9	3.6	1			6.3	1	20	1	11	9	9.2	1	20	1	856	9							8.3	1			43	9
45055001	ORLEANS	47.990667	1.778167	123	20221012	0.0	1	6.1	1	609	9	19.7	1	1318	9	13.6	1	12.9	1	13.6	1	1.9	9	3.9	9	0	9	1.3	1			3.7	1	320	1	535	9	4.2	1	320	1	533	9							4.1	1			533	9
45055001	ORLEANS	47.990667	1.778167	123	20221013	1.8	1	11.2	1	2153	9	16.2	1	1216	9	14.0	1	13.7	1	5.0	1	5.9	9	8.9	9	0	9	4.1	1			5.8	1	200	1	1254	9	8.3	1	200	9	2319	9							8.0	1			2319	9
45055001	ORLEANS	47.990667	1.778167	123	20221014	6.0	1	14.4	1	2045	9	18.7	1	1457	9	16.3	1	16.6	1	4.3	1	14.2	9	14.1	9	0	9	6.0	1			9.7	1	220	1	1441	9	13.8	1	220	1	1551	9							13.3	1			1558	9
45055001	ORLEANS	47.990667	1.778167	123	20221015	2.0	1	15.5	1	2326	9	18.8	1	1011	9	16.4	1	17.2	1	3.3	1	14.0	9	15.1	9	0	9	6.0	1			10.0	1	200	1	522	9	15.8	1	210	1	622	9							15.0	1			622	9
45055001	ORLEANS	47.990667	1.778167	123	20221016	0.0	1	13.8	1	543	9	23.0	1	1541	9	17.9	1	18.4	1	9.2	1	12.3	9	12.8	9	0	9	2.8	1			6.3	1	180	9	2228	9	8.6	1	180	9	2222	9							8.4	1			2222	9
45055001	ORLEANS	47.990667	1.778167	123	20221017	16.7	1	16.6	1	549	9	18.3	1	1344	9	16.8	1	17.5	1	1.7	1	14.8	9	15.9	9	0	9	3.5	1			6.1	1	190	1	445	9	9.0	1	200	1	438	9							8.6	1			438	9
45055001	ORLEANS	47.990667	1.778167	123	20221018	0.0	1	12.8	1	340	9	18.6	1	1259	9	15.6	1	15.7	1	5.8	1	10.6	9	11.7	9	0	9	3.1	1			7.2	1	60	1	1825	9	9.6	1	50	1	1804	9							9.3	1			1810	9
45055001	ORLEANS	47.990667	1.778167	123	20221019	3.8	1	13.5	1	122	9	23.2	1	1315	9	17.7	1	18.4	1	9.7	1	11.6	9	12.5	9	0	9	4.0	1			7.1	1	90	1	1250	9	9.5	1	100	1	1231	9							9.3	1			1231	9
45055001	ORLEANS	47.990667	1.778167	123	20221020	7.2	1	15.0	1	648	9	22.7	1	1342	9	17.1	1	18.9	1	7.7	1	12.0	9	13.6	9	0	9	3.6	1			12.1	1	190	1	50	9	17.7	1	190	1	47	9							15.9	1			46	9
45055001	ORLEANS	47.990667	1.778167	123	20221021	0.8	1	14.3	1	2033	9	20.3	1	1201	9	16.7	1	17.3	1	6.0	1	11.8	9	12.7	9	0	9	4.3	1			6.9	1	220	1	1213	9	9.9	1	220	1	1209	9							9.6	1			1210	9
45055001	ORLEANS	47.990667	1.778167	123	20221022	0.4	1	13.0	1	629	9	21.6	1	1323	9	16.5	1	17.3	1	8.6	1	11.6	9	12.5	9	0	9	3.2	1			5.2	1	190	1	130	9	7.2	1	180	1	108	9							6.8	1			110	9
45055001	ORLEANS	47.990667	1.778167	123	20221023	0.0	1	14.6	1	446	9	23.2	1	1405	9	18.3	1	18.9	1	8.6	1	12.8	9	13.9	9	0	9	6.2	1			11.9	1	230	1	1531	9	19.8	1	210	1	1524	9							19.0	1			1524	9
45055001	ORLEANS	47.990667	1.778167	123	20221024	1.6	1	13.6	1	1316	9	19.4	1	1222	9	15.8	1	16.5	1	5.8	1	12.7	9	12.4	9	0	9	6.7	1			11.6	1	210	1	1102	9	16.4	1	210	1	1055	9							15.8	1			1055	9
45055001	ORLEANS	47.990667	1.778167	123	20221025	0.0	1	11.1	1	650	9	19.1	1	1243	9	15.4	1	15.1	1	8.0	1	9.1	9	10.3	9	0	9	3.1	1			5.2	1	180	9	2333	9	7.7	1	190	9	2336	9							7.5	1			2336	9
45055001	ORLEANS	47.990667	1.778167	123	20221026	0.0	1	13.6	1	629	9	22.4	1	1349	9	16.9	1	18.0	1	8.8	1	11.3	9	13.0	9	0	9	4.1	1			6.0	1	180	1	1052	9	8.6	1	180	1	1007	9							8.3	1			1010	9
45055001	ORLEANS	47.990667	1.778167	123	20221027	0.0	1	14.0	1	2224	9	25.0	1	1317	9	18.7	1	19.5	1	11.0	1	11.1	9	13.2	9	0	9	4.2	1			6.2	1	150	1	617	9	9.6	1	190	1	1146	9							9.2	1			1146	9
45055001	ORLEANS	47.990667	1.778167	123	20221028	0.0	1	15.8	1	548	9	23.3	1	1341	9	18.4	1	19.6	1	7.5	1	13.0	9	14.7	9	0	9	4.0	1			7.5	1	230	1	1114	9	10.0	1	220	1	1013	9							9.6	1			1013	9
45055001	ORLEANS	47.990667	1.778167	123	20221029	0.0	1	15.8	1	2207	9	23.1	1	1437	9	18.1	1	19.5	1	7.3	1	12.6	9	14.3	9	0	9	3.3	1			6.3	1	130	1	424	9	8.5	1	120	1	417	9							8.2	1			430	9
45055001	ORLEANS	47.990667	1.778167	123	20221030	0.0	1	10.4	1	442	9	19.0	1	1415	9	14.2	1	14.7	1	8.6	1	6.9	9	9.0	9	0	9	2.1	1			7.3	1	220	1	1018	9	10.3	1	220	1	1012	9							10.1	1			1012	9
45055001	ORLEANS	47.990667	1.778167	123	20221031	1.4	1	11.4	1	2223	9	20.9	1	1345	9	16.1	1	16.2	1	9.5	1	7.8	9	9.4	9	0	9	5.1	1			10.2	1	260	9	2358	9	14.5	1	160	1	1858	9							14.1	1			1858	9
45055001	ORLEANS	47.990667	1.778167	123	20221101	2.0	1	9.8	1	612	9	17.0	1	1322	9	13.3	1	13.4	1	7.2	1	7.9	9	9.1	9	0	9	6.8	1			10.5	1	210	1	1244	9	15.4	1	210	1	1123	9							14.6	1			1239	9
45055001	ORLEANS	47.990667	1.778167	123	20221102	0.0	1	9.6	1	609	9	16.3	1	1253	9	12.6	1	13.0	1	6.7	1	7.6	9	8.6	9	0	9	4.2	1			7.5	1	230	1	6	9	10.4	1	240	1	2	9							10.1	1			10	9
45055001	ORLEANS	47.990667	1.778167	123	20221103	4.2	1	9.9	1	1757	9	14.6	1	1127	9	11.4	1	12.3	1	4.7	1	8.4	9	9.4	9	0	9	6.0	1			9.1	1	200	1	1039	9	14.2	1	200	1	1045	9							13.5	1			1045	9
45055001	ORLEANS	47.990667	1.778167	123	20221104	0.4	1	8.1	1	640	9	11.6	1	1456	9	8.5	1	9.9	1	3.5	1	6.9	9	7.7	9	0	9	5.8	1			11.0	1	350	1	1430	9	15.1	1	350	1	1408	9							14.9	1			1410	9
45055001	ORLEANS	47.990667	1.778167	123	20221105	0.0	1	3.1	1	2215	9	10.1	1	1413	9	7.7	1	6.6	1	7.0	1	-1.6	9	0.9	9	0	9	3.4	1			5.3	1	180	9	1941	9	7.1	1	190	1	1935	9							6.8	1			1935	9
45055001	ORLEANS	47.990667	1.778167	123	20221106	0.2	1	7.7	1	519	9	12.4	1	1751	9	10.0	1	10.1	1	4.7	1	6.8	9	7.4	9	0	9	5.3	1			8.2	1	200	1	1418	9	12.4	1	190	1	1417	9							11.8	1			1417	9
45055001	ORLEANS	47.990667	1.778167	123	20221107	0.0	1	10.7	1	35	9	16.3	1	1311	9	12.9	1	13.5	1	5.6	1	9.5	9	10.2	9	0	9	6.1	1			10.0	1	210	1	1321	9	13.6	1	210	1	1253	9							13.0	1			1123	9
45055001	ORLEANS	47.990667	1.778167	123	20221108	0.0	1	9.5	1	48	9	17.8	1	1341	9	13.6	1	13.7	1	8.3	1	7.6	9	9.0	9	0	9	7.0	1			11.0	1	210	1	1513	9	17.7	1	210	1	1450	9							17.3	1			1450	9
45055001	ORLEANS	47.990667	1.778167	123	20221109	0.0	1	10.6	1	605	9	15.8	1	1127	9	11.6	1	13.2	1	5.2	1	6.6	9	8.8	9	0	9	4.4	1			7.8	1	240	1	1138	9	10.3	1	220	1	1130	9							9.9	1			1130	9
45055001	ORLEANS	47.990667	1.778167	123	20221110	0.0	1	4.9	1	257	9	11.0	1	1431	9	8.4	1	8.0	1	6.1	1	1.1	9	3.3	9	0	9	2.7	1			4.6	1	150	1	1809	9	6.6	1	160	1	1651	9							6.3	1			1810	9
45055001	ORLEANS	47.990667	1.778167	123	20221111	0.0	1	8.1	1	146	9	16.0	1	1436	9	10.1	1	12.1	1	7.9	1	5.4	9	8.1	9	0	9	2.4	1			4.4	1	150	1	547	9	6.6	1	140	1	454	9							6.5	1			457	9
45055001	ORLEANS	47.990667	1.778167	123	20221112	0.0	1	4.4	1	636	9	18.3	1	1334	9	10.3	1	11.4	1	13.9	1	1.9	9	3.1	9	0	9	1.8	1			4.1	1	50	1	1446	9	4.9	1	50	1	1439	9							4.9	1			1442	9
45055001	ORLEANS	47.990667	1.778167	123	20221113	0.0	1	4.4	1	700	9	15.3	1	1307	9	8.6	1	9.9	1	10.9	1	2.2	9	3.3	9	0	9	1.7	1			3.8	1	60	9	2307	9	4.8	1	50	9	2258	9							4.7	1			2258	9
45055001	ORLEANS	47.990667	1.778167	123	20221114	0.0	1	4.7	1	59	9	14.8	1	1332	9	9.8	1	9.8	1	10.1	1	2.2	9	3.6	9	0	9	3.5	1			7.3	1	210	1	1822	9	11.1	1	210	1	1818	9							10.7	1			1818	9
45055001	ORLEANS	47.990667	1.778167	123	20221115	2.6	1	7.8	1	2313	9	13.7	1	1633	9	11.0	1	10.8	1	5.9	1	6.0	9	7.1	9	0	9	5.4	1			8.1	1	220	1	1731	9	11.6	1	170	1	1440	9							11.3	1			1729	9
45055001	ORLEANS	47.990667	1.778167	123	20221116	5.2	1	8.9	1	229	9	13.3	1	1307	9	11.5	1	11.1	1	4.4	1	7.6	9	8.5	9	0	9	8.1	1			14.0	1	220	9	2249	9	22.4	1	170	1	1807	9							21.2	1			1810	9
45055001	ORLEANS	47.990667	1.778167	123	20221117	0.2	1	10.4	1	859	9	14.2	1	1235	9	11.3	1	12.3	1	3.8	1	9.7	9	9.6	9	0	9	8.5	1			15.2	1	210	1	11	9	23.2	1	230	1	4	9							22.5	1			224	9
45055001	ORLEANS	47.990667	1.778167	123	20221118	0.0	1	5.2	1	1734	9	12.2	1	1332	9	7.7	1	8.7	1	7.0	1	0.1	9	2.8	9	0	9	4.4	1			7.7	1	240	1	35	9	11.0	1	240	1	26	9							10.3	1			26	9
45055001	ORLEANS	47.990667	1.778167	123	20221119	0.4	1	1.0	1	707	9	12.0	1	1332	9	5.8	1	6.5	1	11.0	1	-2.4	9	-1.1	9	0	9	2.9	1			5.9	1	20	1	1603	9	9.6	1	30	1	1559	9							9.4	1			1559	9
45055001	ORLEANS	47.990667	1.778167	123	20221120	1.4	1	2.3	1	333	9	9.9	1	1432	9	6.0	1	6.1	1	7.6	1	-0.7	9	1.4	9	0	9	4.7	1			7.4	1	220	9	2027	9	10.5	1	220	9	2018	9							10.3	1			2018	9
45055001	ORLEANS	47.990667	1.778167	123	20221121	3.2	1	4.5	1	456	9	9.6	1	1548	9	6.4	1	7.1	1	5.1	1	3.0	9	3.9	9	0	9	5.6	1			8.1	1	150	1	1257	9	12.6	1	170	1	1329	9							12.1	1			1329	9
45055001	ORLEANS	47.990667	1.778167	123	20221122	0.0	1	4.2	1	2318	9	11.5	1	1301	9	7.6	1	7.9	1	7.3	1	2.5	9	3.6	9	0	9	7.4	1			11.4	1	230	1	1005	9	16.4	1	220	1	1004	9							15.8	1			1010	9
45055001	ORLEANS	47.990667	1.778167	123	20221123	1.2	1	5.8	1	2208	9	13.8	1	1157	9	9.0	1	9.8	1	8.0	1	4.2	9	5.2	9	0	9	6.1	1			12.5	1	260	1	1247	9	17.3	1	270	1	1222	9							16.2	1			1222	9
45055001	ORLEANS	47.990667	1.778167	123	20221124	0.2	1	7.2	1	658	9	12.3	1	1412	9	9.5	1	9.8	1	5.1	1	5.0	9	6.2	9	0	9	5.4	1			9.0	1	190	1	1423	9	12.0	1	210	1	125	9							11.6	1			125	9
45055001	ORLEANS	47.990667	1.778167	123	20221125	0.0	1	5.6	1	1750	9	12.3	1	1312	9	8.1	1	9.0	1	6.7	1	-0.4	9	2.5	9	0	9	3.7	1			6.3	1	270	1	1201	9	8.7	1	210	1	2	9							8.5	1			10	9
45055001	ORLEANS	47.990667	1.778167	123	20221126	0.0	1	1.5	1	136	9	8.8	1	1344	9	5.5	1	5.2	1	7.3	1	-2.0	9	-0.3	9	0	9	2.9	1			6.3	1	140	1	1852	9	8.7	1	130	9	1918	9							8.3	1			1918	9
45055001	ORLEANS	47.990667	1.778167	123	20221127	7.5	1	5.5	1	2317	9	11.2	1	1248	9	8.1	1	8.4	1	5.7	1	3.8	9	5.0	9	0	9	4.2	1			7.6	1	190	9	2203	9	11.1	1	190	9	2206	9							10.7	1			2210	9
45055001	ORLEANS	47.990667	1.778167	123	20221128	0.8	1	7.5	1	1726	9	11.5	1	1246	9	8.4	1	9.5	1	4.0	1	4.7	9	6.2	9	0	9	4.1	1			6.7	1	220	1	1108	9	9.4	1	210	1	8	9							9.0	1			10	9
45055001	ORLEANS	47.990667	1.778167	123	20221129	0.0	1	4.0	1	436	9	7.5	1	1523	9	5.2	1	5.8	1	3.5	1	0.9	9	2.8	9	0	9	1.5	1			3.6	1	260	1	924	9	4.6	1	260	1	922	9							4.6	1			922	9
45055001	ORLEANS	47.990667	1.778167	123	20221130	0.0	1	1.1	1	2032	9	6.6	1	1722	9	5.3	1	3.9	1	5.5	1	-1.2	9	-0.2	9	0	9	3.8	1			5.7	1	50	1	1358	9	8.1	1	50	1	1355	9							7.8	1			1355	9
45055001	ORLEANS	47.990667	1.778167	123	20221201	0.0	1	2.5	1	538	9	6.1	1	1337	9	4.6	1	4.3	1	3.6	1	-0.6	9	1.3	9	0	9	4.5	1			6.6	1	20	1	1006	9	9.3	1	10	1	1035	9							9.0	1			1035	9
45055001	ORLEANS	47.990667	1.778167	123	20221202	1.6	1	3.9	1	1645	9	5.2	1	1046	9	4.1	1	4.6	1	1.3	1	3.7	9	3.5	9	0	9	4.4	1			8.2	1	30	9	2358	9	11.3	1	30	9	2335	9							11.0	1			2335	9
45055001	ORLEANS	47.990667	1.778167	123	20221203	0.0	1	1.8	1	2113	9	4.3	1	1135	9	3.0	1	3.1	1	2.5	1	1.2	9	1.1	9	0	9	7.0	1			8.6	1	50	1	1840	9	11.8	1	50	1	725	9							11.3	1			725	9
45055001	ORLEANS	47.990667	1.778167	123	20221204	0.2	1	1.8	1	630	9	4.0	1	1431	9	3.1	1	2.9	1	2.2	1	1.4	9	1.5	9	0	9	4.2	1			7.0	1	40	1	301	9	9.4	1	40	1	259	9							9.0	1			28	9
45055001	ORLEANS	47.990667	1.778167	123	20221205	0.0	1	2.9	1	545	9	4.1	1	1209	9	3.4	1	3.5	1	1.2	1	2.9	9	2.7	9	0	9	2.0	1			4.6	1	50	9	2210	9	5.8	1	60	9	2207	9							5.4	1			2210	9
45055001	ORLEANS	47.990667	1.778167	123	20221206	0.2	1	2.3	1	715	9	4.9	1	1334	9	3.7	1	3.6	1	2.6	1	2.1	9	2.3	9	0	9	2.9	1			4.6	1	40	9	2232	9	6.6	1	360	1	1246	9							6.3	1			1246	9
45055001	ORLEANS	47.990667	1.778167	123	20221207	0.0	1	-0.8	1	751	9	2.6	1	1554	9	1.6	1	0.9	1	3.4	1	-0.5	9	-0.7	9	168	9	1.8	1			4.1	1	30	1	1	9	5.6	1	40	1	111	9							5.2	1			47	9
45055001	ORLEANS	47.990667	1.778167	123	20221208	0.0	1	0.7	1	1800	9	2.6	1	1314	9	1.3	1	1.7	1	1.9	1	-1.6	9	-0.1	9	333	9	2.4	1			4.1	1	60	1	1553	9	6.2	1	70	1	1613	9							5.9	1			1613	9
45055001	ORLEANS	47.990667	1.778167	123	20221209	0.0	1	-1.6	1	34	9	2.6	1	1503	9	0.1	1	0.5	1	4.2	1	-5.1	9	-3.2	9	820	9	3.5	1			7.3	1	70	1	715	9	11.0	1	20	1	919	9							9.5	1			919	9
45055001	ORLEANS	47.990667	1.778167	123	20221210	0.0	1	-2.5	1	212	9	1.7	1	1220	9	-0.7	1	-0.4	1	4.2	1	-6.4	9	-4.8	9	1100	9	2.3	1			3.6	1	220	9	1901	9	5.2	1	230	9	2013	9							5.1	1			2013	9
45055001	ORLEANS	47.990667	1.778167	123	20221211	0.0	1	-2.6	1	426	9	2.3	1	1252	9	-1.5	1	-0.2	1	4.9	1	-4.4	9	-3.2	9	1203	9	2.3	1			3.7	1	190	1	243	9	5.4	1	190	1	237	9							5.3	1			237	9
45055001	ORLEANS	47.990667	1.778167	123	20221212	0.0	1	-3.9	1	55	9	-2.4	1	1954	9	-3.2	1	-3.2	1	1.5	1	-8.0	9	-5.9	9	1440	9	3.3	1			6.2	1	80	1	1759	9	9.0	1	50	1	1933	9							8.6	1			1933	9
45055001	ORLEANS	47.990667	1.778167	123	20221213	8.1	1	-4.3	1	653	9	1.2	1	1350	9	-2.0	1	-1.6	1	5.5	1	-5.7	9	-4.7	9	1303	9	4.2	1			7.3	1	60	1	120	9	9.9	1	60	1	116	9							9.4	1			439	9
45055001	ORLEANS	47.990667	1.778167	123	20221214	2.8	1	-2.0	1	1808	9	0.8	1	1407	9	0.1	1	-0.6	1	2.8	1	-4.0	9	-2.8	9	768	9	3.6	1			5.8	1	40	1	1643	9	7.8	1	40	1	1644	9							7.4	1			1646	9
45055001	ORLEANS	47.990667	1.778167	123	20221215	0.0	1	-1.6	1	602	9	1.4	1	1350	9	-0.5	1	-0.1	1	3.0	1	-2.4	9	-1.8	9	1106	9	5.9	1			9.3	1	30	1	1135	9	13.1	1	40	1	1244	9							12.6	1			1213	9
45055001	ORLEANS	47.990667	1.778167	123	20221216	0.0	1	-4.2	1	803	9	0.9	1	1139	9	-1.9	1	-1.7	1	5.1	1	-7.8	9	-6.0	9	1335	9	3.5	1			7.1	1	30	1	1306	9	9.3	1	40	1	1258	9							9.2	1			1258	9
45055001	ORLEANS	47.990667	1.778167	123	20221217	0.0	1	-3.5	1	2005	9	0.0	1	1317	9	-2.8	1	-1.8	1	3.5	1	-8.4	9	-6.1	9	1440	9	3.3	1			4.8	1	50	1	1500	9	6.7	1	60	1	138	9							6.5	1			138	9
45055001	ORLEANS	47.990667	1.778167	123	20221218	1.0	1	-6.8	1	250	9	8.8	1	57	9	0.0	1	1.0	1	15.6	1	-9.1	9	-8.3	9	738	9	3.2	1			5.1	1	170	1	1837	9	7.3	1	170	1	1835	9							7.2	1			1835	9
45055001	ORLEANS	47.990667	1.778167	123	20221219	0.0	1	4.4	1	1806	9	12.2	1	1619	9	9.9	1	8.3	1	7.8	1	3.2	9	3.9	9	0	9	5.5	1			8.2	1	190	1	1213	9	12.5	1	200	1	1313	9							12.1	1			1313	9
45055001	ORLEANS	47.990667	1.778167	123	20221220	2.2	1	9.7	1	307	9	12.8	1	1817	9	11.4	1	11.3	1	3.1	1	7.7	9	9.0	9	0	9	5.7	1			9.3	1	200	1	1824	9	13.7	1	210	1	1835	9							13.5	1			1835	9
45055001	ORLEANS	47.990667	1.778167	123	20221221	3.2	1	8.0	1	747	9	12.5	1	2117	9	10.7	1	10.3	1	4.5	1	6.5	9	7.5	9	0	9	6.8	1			12.6	1	220	9	2332	9	18.0	1	230	9	2320	9							17.6	1			2320	9
45055001	ORLEANS	47.990667	1.778167	123	20221222	3.2	1	10.9	1	817	9	13.9	1	2012	9	12.4	1	12.4	1	3.0	1	9.7	9	10.6	9	0	9	9.1	1			13.2	1	230	1	301	9	17.9	1	230	1	253	9							17.0	1			253	9
45055001	ORLEANS	47.990667	1.778167	123	20221223	2.6	1	12.3	1	1750	9	14.3	1	1028	9	13.0	1	13.3	1	2.0	1	11.0	9	11.9	9	0	9	7.4	1			11.5	1	210	1	1012	9	16.5	1	210	1	1028	9							15.9	1			1029	9
45055001	ORLEANS	47.990667	1.778167	123	20221224	0.0	1	9.6	1	637	9	12.0	1	1503	9	10.6	1	10.8	1	2.4	1	8.5	9	9.2	9	0	9	4.1	1			6.9	1	220	1	425	9	9.5	1	220	1	442	9							8.8	1			442	9
45055001	ORLEANS	47.990667	1.778167	123	20221225	0.0	1	8.7	1	634	9	14.5	1	1349	9	11.7	1	11.6	1	5.8	1	7.0	9	7.9	9	0	9	5.4	1			9.1	1	200	1	1221	9	12.4	1	180	1	1203	9							11.8	1			1210	9
45055001	ORLEANS	47.990667	1.778167	123	20221226	1.6	1	6.7	1	1747	9	11.9	1	1212	9	8.8	1	9.3	1	5.2	1	2.8	9	4.9	9	0	9	4.8	1			8.9	1	280	1	1357	9	11.9	1	200	1	51	9							11.5	1			51	9
45055001	ORLEANS	47.990667	1.778167	123	20221227	0.0	1	2.3	1	322	9	8.9	1	440	9	5.3	1	5.6	1	6.6	1	-1.3	9	0.4	9	0	9	3.9	1			8.0	1	200	9	2313	9	11.3	1	200	9	2346	9							10.9	1			2310	9
45055001	ORLEANS	47.990667	1.778167	123	20221228	4.4	1	6.6	1	1808	9	12.0	1	117	9	10.2	1	9.3	1	5.4	1	5.2	9	6.1	9	0	9	9.4	1			13.6	1	210	9	2007	9	20.4	1	200	1	1915	9							19.8	1			1915	9
45055001	ORLEANS	47.990667	1.778167	123	20221229	2.0	1	8.3	1	1634	9	11.5	1	1147	9	9.4	1	9.9	1	3.2	1	6.2	9	7.4	9	0	9	7.0	1			13.1	1	220	1	420	9	19.9	1	230	1	420	9							18.8	1			420	9
45055001	ORLEANS	47.990667	1.778167	123	20221230	1.0	1	5.7	1	158	9	15.6	1	31	9	11.2	1	10.7	1	9.9	1	4.3	9	5.2	9	0	9	8.9	1			12.5	1	210	9	2251	9	19.1	1	200	1	1151	9							18.3	1			1400	9
45055001	ORLEANS	47.990667	1.778167	123	20221231	0.0	1	13.7	1	758	9	15.8	1	1153	9	14.8	1	14.8	1	2.1	1	11.9	9	13.2	9	0	9	9.5	1			12.3	1	200	1	5	9	18.3	1	210	1	31	9							16.9	1			31	9
